Name/Kind of Investment Item (file1),Listed Country,Name/Kind of Investment Item (file2)
3M Co,US,3M CO
3i Group PLC,LN,3I GROUP PLC
AAC Technologies Holdings Inc,HK,AAC TECHNOLOGIES
ABB Ltd,SW,ABB LTD
AEON REIT Investment Corp,JP,AEON REIT INVESTMENT CORP
AGL Energy Ltd,AU,AGL ENERGY LTD
AIA Group Ltd,HK,AIA GROUP LTD
AIB Group PLC,ID,AIB GROUP PLC
AIB Group PLC,ID,AIB GROUP PLC ORD
AIB Group PLC,ID,AIB GROUP PLC UNSPONSORED ADR
AMP Ltd,AU,AMP LTD
ANA Holdings Inc,JP,ANA HOLDINGS INC
ANDRITZ AG,AV,ANDRITZ AG
ANSYS Inc,US,ANSYS INC
APA Corp,US,APA CORPORATION COM USD0.625
ARGAN SA,FP,ARGAN SA
ASML Holding NV,,ASML HOLDING NV
ASML Holding NV,,ASML HOLDING NV EUR 0.09 NY REG 2012 POST DEPOSITORY RECEIPT
ASR Nederland NV,,ASR NEDERLAND NV
ASX Ltd,AU,ASX LTD
AT&T Inc,US,AT & T INC
Abacus Group,AU,ABACUS GROUP FULLY PAID ORDINARY/UNITS STAPLED SECURITIES
Abacus Storage King,AU,ABACUS STORAGE KING STAPLED UNT D
AbbVie Inc,US,ABBVIE INC COM
Acadia Realty Trust,US,ACADIA REALTY TRUST
Accenture PLC,US,ACCENTURE PLC
Accton Technology Corp,TT,ACCTON TECHNOLOGY CORPORATION
Activia Properties Inc,JP,ACTIVIA PROPERTIES INC
Acuity Brands Inc,US,ACUITY BRANDS INC
Adobe Inc,US,ADOBE INC COM
Adriatic Metals PLC,AU,ADRIATIC METALS PLC CHESS DEPOSITARY INTERESTS 1 1
Advance Residence Investment Corp,JP,ADVANCE RESIDENCE INVESTMENT CORPORATION
Advanced Micro Devices Inc,US,ADVANCED MICRO DEVICES
Advantest Corp,JP,ADVANTEST CORP
Adyen NV,,ADYEN NV
Aedifica SA,BB,AEDIFICA SA
AerCap Holdings NV,US,AERCAP HOLDINGS NV
Aflac Inc,US,AFLAC INC
Agilent Technologies Inc,US,AGILENT TECHNOLOGIES INC
Agnico Eagle Mines Limited/Mines Agnico Eagle Limitee,CN,AGNICO EAGLE MINES
Agree Realty Corp,US,AGREE REALTY CORP
Air Canada,CN,AIR CANADA VAR VTG SHS NPV
Air Liquide SA,FP,AIR LIQUIDE
Airbnb Inc,US,AIRBNB INC
Airbus SE,FP,AIRBUS SE
Airtac International Group,TT,AIRTAC INTERNATIONAL GROUP
Ajinomoto Co Inc,JP,AJINOMOTO CO INC JPY
Akamai Technologies Inc,US,AKAMAI TECHNOLOGIES
Alcoa Corp,AU,ALCOA CORPORATION CDI 1 1 FOREIGN EXEMPT DEFERRED SETTLEMENT
Alcoa Corp,US,ALCOA CORPORATION CDI 1 1 FOREIGN EXEMPT DEFERRED SETTLEMENT
Alexander & Baldwin Inc,US,ALEXANDER AND BALDWI
Alexandria Real Estate Equities Inc,US,ALEXANDRIA REAL ESTATE EQUITIES
Alfresa Holdings Corp,JP,ALFRESA HOLDINGS CORP
Algonquin Power & Utilities Corp,CN,ALGONQUIN POWER AND UTILITIES CORP
Alibaba Group Holding Ltd,US,ALIBABA GROUP HOLDING LTD
Alibaba Group Holding Ltd,HK,ALIBABA GROUP HOLDING LTD
Align Technology Inc,US,ALIGN TECHNOLOGY INC
Allegion plc,US,ALLEGION PLC
Alliant Energy Corp,US,ALLIANT ENERGY CORP
Allianz SE,GR,ALLIANZ SE UNSPONSORED ADR EA REP 1 10 ORD
Allianz SE,GR,ALLIANZ SE-REG
Allied Properties Real Estate Investment Trust,CN,ALLIED PROPERTIES REAL ESTATE INVESTMENT TRUST
Allreal Holding AG,SW,ALLREAL HOLDING AG-REG
Allstate Corp/The,US,ALLSTATE CORP
Ally Financial Inc,US,ALLY FINANCIAL INC
Alnylam Pharmaceuticals Inc,US,ALNYLAM PHARMACEUTICALS INC
Alphabet Inc,US,ALPHABET INC CLASS A EQUITY
Alphabet Inc,US,ALPHABET INC CLASS C EQUITY
Amazon.com Inc,US,AMAZON COM INC
Amcor PLC,AU,AMCOR PLC CDI
Amcor PLC,AU,AMCOR PLC COM USD
Ameren Corp,US,AMEREN CORP
American Assets Trust Inc,US,AMERICAN ASSETS TRUST
American Homes 4 Rent,US,AMERICAN HOMES 4 RENT
American International Group Inc,US,AMERICAN INTERNATIONAL GROUP
American Water Works Co Inc,US,AMERICAN WATER WORKS CO INC
Americold Realty Trust Inc,US,AMERICOLD REALTY TRUST INC
Ameriprise Financial Inc,US,AMERIPRISE FINANCIAL INC
Amgen Inc,US,AMGEN INC
Amot Investments Ltd,IT,AMOT INVESTMENTS LTD
Ampol Ltd,AU,AMPOL LTD
Amundi SA,FP,AMUNDI SA
Analog Devices Inc,US,ANALOG DEVICES INCORPORATED COM
Anheuser-Busch InBev SA/NV,BB,ANHEUSER BUSCH INBEV SA NV
Annaly Capital Management Inc,US,ANNALY CAPITAL MANAGEMENT INC
Aon PLC,US,AON PLC IE COM CL A
AppLovin Corp,US,APPLOVIN CORP
Apple Hospitality REIT Inc,US,APPLE HOSPITALITY REIT INC
Apple Inc,US,APPLE INC
Aptiv PLC,US,APTIV PLC NEW ORD USD0.01
Arena REIT,AU,ARENA REIT ORDINARY UNITS FULLY PAID
Arista Networks Inc,US,ARISTA NETWORKS INC
Aristocrat Leisure Ltd,AU,ARISTOCRAT LEISURE LTD
Armstrong World Industries Inc,US,ARMSTRONG WORLD INDUSTRIES INC
Aroundtown SA,GR,AROUNDTOWN SA
Ashtead Group PLC,LN,ASHTEAD GROUP PLC
Assa Abloy AB,SS,ASSA ABLOY AB
Associated British Foods PLC,LN,ASSOCIATED BRITISH FOODS PLC
Assurant Inc,US,ASSURANT INC
Assured Guaranty Ltd,US,ASSURED GUARANTY LTD
AstraZeneca PLC,LN,ASTRAZENECA PLC
Asustek Computer Inc,TT,ASUSTEK COMPUTER INC
Atco Ltd/Canada,CN,ATCO LTD
Atlas Copco AB,M0,ATLAS COPCO AB
Atlas Copco AB,SS,ATLAS COPCO AB
Atlas Copco AB,M0,ATLAS COPCO AB SER`B`NPV (POST SPLIT)
Atlas Copco AB,SS,ATLAS COPCO AB SER`B`NPV (POST SPLIT)
Atmos Energy Corp,US,ATMOS ENERGY CORP
Atrium Ljungberg AB,SS,ATRIUM LJUNGBERG AB
Auckland International Airport Ltd,NZ,AUCKLAND INTERNATIONAL AIRPORT LTD
Auckland International Airport Ltd,AU,AUCKLAND INTERNATIONAL AIRPORT LTD
Audinate Group Ltd,AU,AUDINATE GROUP LTD
Australian Clinical Labs Ltd,AU,AUSTRALIAN CLINICAL LABS LTD ORD FULLY PAID DEFERRED SETTLEMENT
Auto Trader Group PLC,LN,AUTO TRADER GROUP PLC
AutoZone Inc,US,AUTOZONE INC
Autodesk Inc,US,AUTODESK INC
Autohome Inc,US,AUTOHOME INC
Automatic Data Processing Inc,US,AUTOMATIC DATA PROC.
AvalonBay Communities Inc,US,AVALONBAY COMMUNITIES INC
Avista Corp,US,AVISTA CORP
Avnet Inc,US,AVNET INC
Axis Capital Holdings Ltd,US,AXIS CAPITAL HOLDING
Azrieli Group Ltd,IT,AZRIELI GROUP
B3 SA - Brasil Bolsa Balcao,BZ,B3 SA BRASIL BOLSA BALCAO
BAE Systems PLC,LN,BAE SYSTEMS PLC
BASF SE,GR,BASF SE
BDO Unibank Inc,PM,BDO UNIBANK INC
BNP Paribas SA,FP,BNP PARIBAS SA
BNP Paribas SA,FP,BNP PARIBAS SA (AUSTRALIA)
BWP Trust,AU,BWP TRUST ORD
BXP Inc,US,BXP INC
Bachem Holding AG,SW,BACHEM HOLDING AG CHF0.01 REGD SUBD
Bajaj Auto Ltd,IN,BAJAJ AUTO
Baker Hughes Co,US,BAKER HUGHES COMPANY
Ball Corp,US,BALL CORP COM NPV
Banco BPM SpA,IM,BANCO BPM SPA
Banco Bradesco SA,BZ,BANCO BRADESCO SA-PREF
Banco Santander SA,SM,BANCO SANTANDER SA
Bank Central Asia Tbk PT,IJ,BANK CENTRAL ASIA TBK PT
Bank Leumi Le-Israel BM,IT,BANK LEUMI LE-ISRAEL
Bank OZK,US,BANK OZK COM USD0.01
Bank of America Corp,US,BANK OF AMERICA CORPORATION
Bank of China Ltd,HK,BANK OF CHINA LTD HK
Bank of New York Mellon Corp/The,US,BANK OF NEW YORK MELLON CORP
Bank of Queensland Ltd,AU,BANK OF QUEENSLAND
Bank of Queensland Ltd,AU,BANK OF QUEENSLAND LTD
Barclays PLC,LN,BARCLAYS PLC
Barratt Redrow PLC,LN,BARRATT REDROW PLC
Barrick Gold Corp,CN,BARRICK GOLD CORP
Barrick Gold Corp,US,BARRICK GOLD CORP
Baxter International Inc,US,BAXTER INTERNATIONAL INC EQUITY
Bayerische Motoren Werke AG,GR,BAYERISCHE MOTOREN WERKE AG
Beach Energy Ltd,AU,BEACH ENERGY LTD
Bechtle AG,GR,BECHTLE AG
Becton Dickinson & Co,US,BECTON DICKINSON AND COMPANY
Beiersdorf AG,GR,BEIERSDORF AG
BellRing Brands Inc,US,BELLRING BRANDS INC
Berkshire Hathaway Inc,US,BERKSHIRE HATHAWAY INC - CLASS B
Best Buy Co Inc,US,BEST BUY CO INC
Bharat Electronics Ltd,IN,BHARAT ELECTRONICS LTD
Big Yellow Group PLC,LN,BIG YELLOW GROUP PLC
BioMerieux,FP,BIOMERIEUX NPV
Biogen Inc,US,BIOGEN INC
Bizlink Holding Inc,TT,BIZLINK HOLDING INC
Blackrock Inc,US,BLACKROCK INC
Blackstone Inc,US,BLACKSTONE  INC
Block Inc,AU,BLOCK INC
Block Inc,US,BLOCK INC
Block Inc,AU,BLOCK INC CDI
Block Inc,US,BLOCK INC CDI
Boardwalk Real Estate Investment Trust,CN,BOARDWALK REAL ESTATE INVESTMENT TRUST
Booking Holdings Inc,US,BOOKING HOLDINGS INC COM
BorgWarner Inc,US,BORGWARNER INC
Bosideng International Holdings Ltd,HK,BOSIDENG INTERNATIONAL HOLDING
Boss Energy Ltd,AU,BOSS ENERGY LTD
Boston Scientific Corp,US,BOSTON SCIENTIFIC CORP COM USD
Botanix Pharmaceuticals Ltd,AU,BOTANIX PHARMACEUTICALS LTD ORDINARY FULLY PAID
Bridgestone Corp,JP,BRIDGESTONE CORP
Bristol-Myers Squibb Co,US,BRISTOL MYERS SQUIBB COMPANY
Britannia Industries Ltd,IN,BRITANNIA INDUSTRIES LTD
Brixmor Property Group Inc,US,BRIXMOR PROPERTY GROUP INC
Brother Industries Ltd,JP,BROTHER INDUSTRIES LTD
Builders FirstSource Inc,US,BUILDERS FIRSTSOURCE INC
Bunge Global SA,US,BUNGE GLOBAL SA COM USD0.01
Bunzl PLC,LN,BUNZL PLC
Bureau Veritas SA,FP,BUREAU VERITAS SA
CA Immobilien Anlagen AG,AV,CA IMMOBILIEN ANLAGEN AG
CBRE Group Inc,US,CBRE GROUP INC CLASS A
CD Projekt SA,PW,CD PROJEKT SA
CDL Hospitality Trusts,SP,CDL HOSPITALITY TRUSTS
CDW Corp/DE,US,CDW CORP
CF Industries Holdings Inc,US,CF INDUSTRIES HOLDINGS INC
CGI Inc,CN,CGI INC
CGI Inc,CN,CGI INC COM NPV SUB VTG SHS CL A
CK Hutchison Holdings Ltd,HK,CK HUTCHISON HOLDINGS LTD
CK Infrastructure Holdings Ltd,HK,CK INFRASTRUCTURE
CME Group Inc,US,CME GROUP INC COM
CMS Energy Corp,US,CMS ENERGY CORP
CSX Corp,US,CSX CORP COM
CVS Health Corp,US,CVS HEALTH CORP
Cadence Design Systems Inc,US,CADENCE DESIGN SYSTEMS INC
Camden Property Trust,US,CAMDEN PROPERTY TRUST
Canadian Apartment Properties REIT,CN,CANADIAN APARTMENT PROPERTIES REITS
Canadian Imperial Bank of Commerce,CN,CANADIAN IMPERIAL BANK OF COMMERCE COM NPV
Canadian National Railway Co,CN,CANADIAN NATIONAL RAILWAY COMPANY
Canadian Pacific Kansas City Ltd,CN,CANADIAN PACIFIC KANSAS CITY
Canadian Pacific Kansas City Ltd,US,CANADIAN PACIFIC KANSAS CITY
Canadian Utilities Ltd,CN,CANADIAN UTILITIES LTD A
Capcom Co Ltd,JP,CAPCOM CO LTD
CapitaLand Ascott Trust,SP,CAPITALAND ASCOTT TRUST
CapitaLand Integrated Commercial Trust,SP,CAPITALAND INTEGRATED COMMERCIAL
Capital One Financial Corp,US,CAPITAL ONE FINANCIAL CORPORATION
Capricorn Metals Ltd,AU,CAPRICORN METALS LTD ORDINARY FULLY PAID
Capstone Copper Corp,AU,CAPSTONE COPPER CORP CDI
Cardinal Health Inc,US,CARDINAL HEALTH INC
CareTrust REIT Inc,US,CARETRUST REIT INC
Carlisle Cos Inc,US,CARLISLE COS INC
Carmila SA,FP,CARMILA SA
Castellum AB,SS,CASTELLUM AB
Catapult Group International Ltd,AU,CATAPULT GROUP INTERNATIONAL LTD ORDINARY FULLY PAID
Catena AB,SS,CATENA AB
Caterpillar Inc,US,CATERPILLAR INC
Cboe Global Markets Inc,US,CBOE GLOBAL MARKET
Celanese Corp,US,CELANESE CORP SERIES A
Cellnex Telecom SA,SM,CELLNEX TELECOM SA
Celsius Holdings Inc,US,CELSIUS HOLDINGS INC
Cencora Inc,US,CENCORA INC COM
Cenovus Energy Inc,CN,CENOVUS ENERGY INC COM NPV
Cenovus Energy Inc,CN,CENOVUS ENERGY INC US LISTING
Centene Corp,US,CENTENE CORPORATION
CenterPoint Energy Inc,US,CENTERPOINT ENERGY INC
Centerspace,US,CENTERSPACE COM NPV
Central Japan Railway Co,JP,CENTRAL JAPAN RAILWAY CO
Centrica PLC,LN,CENTRICA PLC
Centuria Industrial REIT,AU,CENTURIA INDUSTRIAL REIT ORDINARY UNITS FULLY PAID
Centuria Office REIT,AU,CENTURIA OFFICE REIT ORDINARY UNITS FULLY PAID
Champion Iron Ltd,AU,CHAMPION IRON LTD
Charter Communications Inc,US,CHARTER COMMUNICATIONS INC
Charter Hall Group,AU,CHARTER HALL GROUP
Charter Hall Long Wale REIT,AU,CHARTER HALL LONG WALE REIT STAPLED SECURITIES
Charter Hall Retail REIT,AU,CHARTER HALL RETAIL-REIT
Charter Hall Social Infrastructure REIT,AU,CHARTER HALL SOCIAL INFRASTRUCTURE REIT UNITS FULLY PAID
Chartwell Retirement Residences,CN,CHARTWELL RETIREMENT RESIDENCES
Check Point Software Technologies Ltd,US,CHECK POINT SOFTWARE TECH
Cheniere Energy Inc,US,CHENIERE ENERGY INC
Chevron Corp,US,CHEVRON CORP
China Construction Bank Corp,HK,CHINA CONSTRUCTION BANK
China Life Insurance Co Ltd,HK,CHINA LIFE INSURANCE CO LTD
China Mengniu Dairy Co Ltd,HK,CHINA MENGNIU DAIRY CO
China Pacific Insurance Group Co Ltd,HK,CHINA PACIFIC INSURANCE GROUP CO LTD
Choice Properties Real Estate Investment Trust,CN,CHOICE PROPERTIES REAL ESTATE INVESTMENT TRUST
Chorus Ltd,AU,CHORUS LTD
Chubu Electric Power Co Inc,JP,CHUBU ELECTRIC POWER CO INC
Church & Dwight Co Inc,US,CHURCH & DWIGHT CO
Cintas Corp,US,CINTAS CORP
Cisco Systems Inc,US,CISCO SYSTEMS INC
Citigroup Inc,US,CITIGROUP INC USD
Clinuvel Pharmaceuticals Ltd,AU,CLINUVEL PHARMACEUTICALS LTD
Cloudflare Inc,US,CLOUDFLARE INC
CoStar Group Inc,US,COSTAR GROUP INC COM
Coca-Cola HBC AG,LN,COCA COLA HBC AG ORD
Cofinimmo SA,BB,COFINIMMO
Coinbase Global Inc,US,COINBASE GLOBAL INC
Coles Group Ltd,AU,COLES GROUP LTD
Colgate-Palmolive Co,US,COLGATE PALMOLIVE
Colgate-Palmolive India Ltd,IN,COLGATE PALMOLIVE
Comcast Corp,US,COMCAST CORP
Comforia Residential REIT Inc,JP,COMFORIA RESIDENTIAL REIT INC
ComfortDelGro Corp Ltd,SP,COMFORTDELGRO CORP LTD
Commonwealth Bank of Australia,AU,COMMONWEALTH BANK OF AUSTRALIA
Commonwealth Bank of Australia,AU,COMMONWEALTH BANK OF AUSTRALIA CAP NOTE 3-BBSW+2.75% PERP NON-CUM RED T-06-29
Commonwealth Bank of Australia,AU,COMMONWEALTH BANK OF AUSTRALIA CAP NOTE 3-BBSW+2.75% PERP NON-CUM RED T-10-26
Commonwealth Bank of Australia,AU,COMMONWEALTH BANK OF AUSTRALIA CAP NOTE 3-BBSW+2.85% PERP NON-CUM RED T-06-28
Commonwealth Bank of Australia,AU,COMMONWEALTH BANK OF AUSTRALIA CAP NOTE 3-BBSW+3.00% PERP NON-CUM RED T-04-27
Commonwealth Bank of Australia,AU,COMMONWEALTH BANK OF AUSTRALIA CAP NOTE 3-BBSW+3.40% PERP NON-CUM RED T-04-25
Compass Group PLC,LN,COMPASS GROUP PLC
Computershare Ltd,AU,COMPUTERSHARE LTD
Conagra Brands Inc,US,CONAGRA BRANDS INC
ConocoPhillips,US,CONOCOPHILLIPS
Consolidated Edison Inc,US,CONSOLIDATED EDISON INC COM
Constellation Energy Corp,US,CONSTELLATION ENERGY CORP
Contact Energy Ltd,AU,CONTACT ENERGY LTD
Contemporary Amperex Technology Co Ltd,C2,CONTEMPORARY AMPEREX TECHNOLOGY CO LTD
Continental AG,GR,CONTINENTAL AG
Copart Inc,US,COPART INC
Corpay Inc,US,CORPAY INC COM USD 0.001
Costco Wholesale Corp,US,COSTCO WHOLESALE CORP
Coupang Inc,US,COUPANG INC COM CL A SHS ORD
Cousins Properties Inc,US,COUSINS PROPERTIES INC
Covivio SA/France,FP,COVIVIO
Coway Co Ltd,KS,COWAY CO LTD
Credit Agricole SA,FP,CREDIT AGRICOLE SA
Credit Agricole SA,TH,CREDIT AGRICOLE SA
Croda International PLC,LN,CRODA INTERNATIONAL PLC
Cromwell Property Group,AU,CROMWELL PROPERTY GROUP
Crowdstrike Holdings Inc,US,CROWDSTRIKE HOLDINGS INC
Crown Holdings Inc,US,CROWN HOLDINGS INC
CubeSmart,US,CUBESMART COM
Cummins Inc,US,CUMMINS INC
Cummins India Ltd,IN,CUMMINS INDIA LTD
CyberArk Software Ltd,US,CYBERARK SOFTWARE LTD
DBS Group Holdings Ltd,SP,DBS GROUP HOLDINGS LTD
DNB Bank ASA,NO,DNB BANK ASA
DR Horton Inc,US,DR HORTON INC
DSM-Firmenich AG,,DSM FIRMENICH AG EUR0.01
DSV A/S,DC,DSV A/S
DaVita Inc,US,DAVITA INC
Dai Nippon Printing Co Ltd,JP,DAI NIPPON PRINTING CO LTD
Daimler Truck Holding AG,GR,DAIMLER TRUCK HOLDING AG
Daiwa Office Investment Corp,JP,DAIWA OFFICE INVESTMENT CORPORATION
Daiwa Securities Group Inc,JP,DAIWA SECURITIES GROUP INC.
Danaher Corp,US,DANAHER CORP
Danone SA,FP,DANONE
Darden Restaurants Inc,US,DARDEN RESTAURANTS INC
Datadog Inc,US,DATADOG INC
De Grey Mining Ltd,AU,DE GREY MINING LTD
Deere & Co,US,DEERE & CO
Dell Technologies Inc,US,DELL TECHNOLOGIES INC
Delta Air Lines Inc,US,DELTA AIR LINES INC
Delta Electronics Inc,TT,DELTA ELECTRONICS INC
Derwent London PLC,LN,DERWENT LONDON PLC
Descartes Systems Group Inc/The,CN,DESCARTES SYSTEMS GROUP INC
Deutsche Boerse AG,GR,DEUTSCHE BOERSE AG
Deutsche Lufthansa AG,GR,DEUTSCHE LUFTHANSA AG
Deutsche Post AG,GR,DEUTSCHE POST AG
Deutsche Telekom AG,GR,DEUTSCHE TELEKOM AG DEM
Deutsche Wohnen SE,GR,DEUTSCHE WOHNEN SE NPV BR
Develop Global Ltd,AU,DEVELOP GLOBAL LTD
Devon Energy Corp,US,DEVON ENERGY CORPORATION
Dexcom Inc,US,DEXCOM INC
Dexus,AU,DEXUS
Dexus Industria REIT,AU,DEXUS INDUSTRIA REIT ORDINARY UNITS STAPLED SECURITIES
DiaSorin SpA,IM,DIASORIN SPA
DiamondRock Hospitality Co,US,DIAMONDROCK HOSPITALITY COMPANY
Diamondback Energy Inc,US,DIAMONDBACK ENERGY INC
Dick's Sporting Goods Inc,US,DICK'S SPORTING GOODS INC
DigiCo Infrastructure REIT,AU,DIGICO INFRASTRUCTURE REIT FULLY PAID ORD UNITS STAPLED SECURITY
Digital Realty Trust Inc,US,DIGITAL REALTY TRUST INC
Dios Fastigheter AB,SS,DIOS FASTIGHETER AB
Disco Corp,JP,DISCO CORPORATION NPV
Discover Financial Services,US,DISCOVER FINANCIAL SERVICES
DocuSign Inc,US,DOCUSIGN INC
Dollar General Corp,US,DOLLAR GENERAL
Dollarama Inc,CN,DOLLARAMA INC
Dominion Energy Inc,US,DOMINION ENERGY INC
DoorDash Inc,US,DOORDASH INC
Douglas Emmett Inc,US,DOUGLAS EMMETT INC
Dover Corp,US,DOVER CORPORATION COM
Dow Inc,US,DOW INC
Dr Ing hc F Porsche AG,GR,DR ING HC F PORSCHE AG
Dream Industrial Real Estate Investment Trust,CN,DREAM INDUSTRIAL REAL ESTATE INVESTMENT TRUST
Dropbox Inc,US,DROPBOX INC
DuPont de Nemours Inc,US,DUPONT DE NEMOURS INC
Duke Energy Corp,US,DUKE ENERGY CORP COM
Dynatrace Inc,US,DYNATRACE INC
E Ink Holdings Inc,TT,E INK HOLDINGS INC
E.ON SE,GR,E.ON SE
EBOS Group Ltd,AU,EBOS GROUP LTD
EMCOR Group Inc,US,EMCOR GROUP INC
ENEOS Holdings Inc,JP,ENEOS HOLDINGS INC
EOG Resources Inc,US,EOG RESOURCES INC
EPAM Systems Inc,US,EPAM SYSTEMS INC
EQT AB,SS,EQT AB
EQT Corp,US,EQT CORPORATION
ESR-REIT,SP,ESR REIT
EXOR NV,,EXOR NV
EastGroup Properties Inc,US,EASTGROUP PROPERTIES INC
Easterly Government Properties Inc,US,EASTERLY GOVERNMENT PROPERTIES INC
Edison International,US,EDISON INTERNATIONAL
Edwards Lifesciences Corp,US,EDWARDS LIFESCIENCES CORP
Electronic Arts Inc,US,ELECTRONIC ARTS INC
Elevance Health Inc,US,ELEVANCE HEALTH INC
Elia Group SA/NV,BB,ELIA GROUP SA/NV
Emera Inc,CN,EMERA INC
Emerald Resources NL,AU,EMERALD RESOURCES NL ORDINARY FULLY PAID
Emerson Electric Co,US,EMERSON ELECTRIC CO
Empire State Realty Trust Inc,US,EMPIRE STATE REALTY TRUST INC
Empiric Student Property PLC,LN,EMPIRIC STUDENT PROPERTY PLC
Enbridge Inc,CN,ENBRIDGE INC
Endesa SA,SM,ENDESA SA
Enel SpA,IM,ENEL SPA
Eni SpA,IM,ENI SPA
Enphase Energy Inc,US,ENPHASE ENERGY INC
Entergy Corp,US,ENTERGY CORP NEW
Entra ASA,NO,ENTRA ASA
Epiroc AB,SS,EPIROC AB
Epiroc AB,SS,EPIROC AB SER B NPV POST SPLIT
Equifax Inc,US,EQUIFAX INC
Equinix Inc,US,EQUINIX INC COM
Equinor ASA,NO,EQUINOR ASA
Equitable Holdings Inc,US,EQUITABLE HOLDINGS INC
Equity LifeStyle Properties Inc,US,EQUITY LIFESTYLE PROPERTIES INC
Equity Residential,US,EQUITY RESIDENTIAL
Erste Group Bank AG,AV,ERSTE GROUP BANK AG
Essential Properties Realty Trust Inc,US,ESSENTIAL PROPERTIES REALTY TRUST INC
Essential Utilities Inc,US,ESSENTIAL UTILITIES INC
Essex Property Trust Inc,US,ESSEX PROPERTY TRUST INC
EssilorLuxottica SA,FP,ESSILORLUXOTTICA
Essity AB,SS,ESSITY AB SER B NPV
Etsy Inc,US,ETSY INC
Eurazeo SE,FP,EURAZEO
Eurocommercial Properties NV,,EUROCOMMERCIAL
Euronext NV,FP,EURONEXT NV
Evercore Inc,US,EVERCORE INC COM USD 0.01 CLASS A
Everest Group Ltd,US,EVEREST GROUP LTD
Evergy Inc,US,EVERGY INC COM NPV
Eversource Energy,US,EVERSOURCE ENERGY COM
Evolution AB,SS,EVOLUTION AB
Evonik Industries AG,GR,EVONIK INDUSTRIES AG
Exelixis Inc,US,EXELIXIS INC
Exelon Corp,US,EXELON CORPORATION
Expedia Group Inc,US,EXPEDIA GROUP INC
Extra Space Storage Inc,US,EXTRA SPACE STORAGE INC
Exxon Mobil Corp,US,EXXON MOBIL CORPORATION
FANUC Corp,JP,FANUC CORP NPV
FMC Corp,US,FMC CORP
Fabege AB,SS,FABEGE AB NPV POST SPLIT
Fabrinet,US,FABRINET
FactSet Research Systems Inc,US,FACTSET RESEARCH SYSTEMS INC
Fair Isaac Corp,US,FAIR ISAAC CORPORATION
Fast Retailing Co Ltd,JP,FAST RETAILING CO LTD
Fastenal Co,US,FASTENAL CO
Federal Realty Investment Trust,US,FEDERAL REALTY INVESTMENT TRUST
Ferrari NV,BQ,FERRARI NV COM
Fidelity National Information Services Inc,US,FIDELITY NATIONAL INFORMATION SERVICES INC
First Abu Dhabi Bank PJSC,UH,FIRST ABU DHABI BANK PJSC
First Industrial Realty Trust Inc,US,FIRST INDUSTRIAL REALTY TRUST
First Solar Inc,US,FIRST SOLAR INC
FirstEnergy Corp,US,FIRSTENERGY CORP USD
FirstService Corp,CN,FIRSTSERVICE CORP COM NPV
Firstgroup PLC,LN,FIRSTGROUP PLC
Fiserv Inc,US,FISERV INC COM
Fisher & Paykel Healthcare Corp Ltd,AU,FISHER & PAYKEL HEALTHCARE
Flex Ltd,US,FLEX LTD COM
Flughafen Zurich AG,SW,FLUGHAFEN ZURICH AG
Ford Motor Co,US,FORD MOTOR COMPANY
Fortinet Inc,US,FORTINET INC COM
Fortis Inc/Canada,CN,FORTIS INC
Fortive Corp,US,FORTIVE CORP
Four Corners Property Trust Inc,US,FOUR CORNERS PROPERTY TRUST INC
Fox Corp,US,FOX CORP
Fox Corp,US,FOX CORP COM
Franco-Nevada Corp,CN,FRANCO NEVADA CORP
Franco-Nevada Corp,US,FRANCO NEVADA CORP
Frasers Centrepoint Trust,SP,FRASERS CENTREPOINT TRUST
Frasers Logistics & Commercial Trust,SP,FRASERS LOGISTICS AND COMMERCIAL TRUST
Freeport-McMoRan Inc,US,FREEPORT  MCMORAN INC
Fresenius Medical Care AG,GR,FRESENIUS MEDICAL CARE AG & CO
Fuji Electric Co Ltd,JP,FUJI ELECTRIC CO LTD
Fukuoka REIT Corp,JP,FUKUOKA REIT CORP REIT
Futu Holdings Ltd,US,FUTU HOLDINGS LTD
GE Aerospace,US,GE AEROSPACE
GEA Group AG,GR,GEA GROUP AG
GPT Group/The,AU,GPT GROUP
GQG Partners Inc,AU,GQG PARTNERS INC
GSK PLC,LN,GSK PLC
Gaming and Leisure Properties Inc,US,GAMING AND LEISURE PROPERTIES INC
Gartner Inc,US,GARTNER INC CL-A
Geberit AG,SW,GEBERIT AG-REG
Gecina SA,FP,GECINA
General Mills Inc,US,GENERAL MILLS INC
General Motors Co,US,GENERAL MOTORS CO
Generali,IM,GENERALI
Genesis Minerals Ltd,AU,GENESIS MINERALS LTD
Genting Singapore Ltd,SP,GENTING SINGAPORE LTD
George Weston Ltd,CN,GEORGE WESTON LTD
Getlink SE,FP,GETLINK SE
Getty Realty Corp,US,GETTY REALTY CORPORATION
Gildan Activewear Inc,CN,GILDAN ACTIVEWEAR INC
Gilead Sciences Inc,US,GILEAD SCIENCES INC
Global Net Lease Inc,US,GLOBAL NET LEASE INC
Global Payments Inc,US,GLOBAL PAYMENTS INC
GoDaddy Inc,US,GODADDY INC
Gold Road Resources Ltd,AU,GOLD ROAD RESOURCES LTD
Goldman Sachs Group Inc/The,US,GOLDMAN SACHS GROUP INC
Goldman Sachs Group Inc/The,US,GOLDMAN SACHS GROUP INC.
Goodman Group,AU,GOODMAN GROUP
Goodman Property Trust,NZ,GOODMAN PROPERTY TRUST
Grab Holdings Ltd,US,GRAB HOLDINGS LTD
Graco Inc,US,GRACO INC
Grand City Properties SA,GR,GRAND CITY PROPERTIES SA
Great-West Lifeco Inc,CN,GREAT WEST LIFECO
Growthpoint Properties Australia Ltd,AU,GROWTHPOINT PROPERTIES AUSTRALIA
Guidewire Software Inc,US,GUIDEWIRE SOFTWARE INC
H Lundbeck A/S,DC,H LUNDBECK A S SER B DKK1
H&R Block Inc,US,H & R BLOCK INCORPORATED
HCA Healthcare Inc,US,HCA HEALTHCARE INC
HDFC Life Insurance Co Ltd,IN,HDFC LIFE INSURANCE CO LTD
HEICO Corp,US,HEICO CORP
HEICO Corp,US,HEICO CORP COM
HF Sinclair Corp,US,HF SINCLAIR CORPOR COM
HMC Capital Ltd,AU,HMC CAPITAL LTD
HSBC Holdings PLC,LN,HSBC HOLDINGS PLC
HSBC Holdings PLC,HK,HSBC HOLDINGS PLC
Haidilao International Holding Ltd,HK,HAIDILAO INTERNATIONAL HOLDING LTD
Haleon PLC,LN,HALEON PLC
Halliburton Co,US,HALLIBURTON CO
Hamilton Lane Inc,US,HAMILTON LANE INC
Hana Financial Group Inc,KS,HANA FINANCIAL GROUP
Hang Seng Bank Ltd,HK,HANG SENG BANK
Hannover Rueck SE,GR,HANNOVER RUECK SE
Hargreaves Lansdown PLC,LN,HARGREAVES LANSDOWN PLC
Hartford Financial Services Group Inc/The,US,HARTFORD FINANCIAL SERVICES GROUP INC
Harvey Norman Holdings Ltd,AU,HARVEY NORMAN HOLDINGS LTD
Hasbro Inc,US,HASBRO INC
Healius Ltd,AU,HEALIUS LTD ORDINARY FULLY PAID
Healthcare Realty Trust Inc,US,HEALTHCARE REALTY TRUST INC
Healthpeak Properties Inc,US,HEALTHPEAK PROPERTIES INC
Heineken Holding NV,,HEINEKEN HOLDING NV
Heineken NV,,HEINEKEN NV
Heiwa Real Estate REIT Inc,JP,HEIWA REAL ESTATE REIT
Helios Towers PLC,LN,HELIOS TOWERS PLC
Henkel AG & Co KGaA,GR,HENKEL AG & CO KGAA
Henkel AG & Co KGaA,GR,HENKEL AG & CO KGAA NON VTG PREF
Hermes International SCA,FP,HERMES INTERNATIONAL
Hewlett Packard Enterprise Co,US,HEWLETT PACKARD ENTERPRISE CO
Highwoods Properties Inc,US,HIGHWOODS PROPERTIES INC
Hokuriku Electric Power Co,JP,HOKURIKU ELECTRIC POWER COMPANY
Hologic Inc,US,HOLOGIC INC
Home Depot Inc/The,US,HOME DEPOT INC
HomeCo Daily Needs REIT,AU,HOMECO DAILY NEEDS REIT ORDINARY UNITS FULLY PAID DEFERRED SETTLEMENT
Hon Hai Precision Industry Co Ltd,TT,HON HAI PRECISION INDUSTRY
Honda Motor Co Ltd,JP,HONDA MOTOR CO LTD
Hong Leong Bank Bhd,MK,HONG LEONG BANK BHD
Hongkong Land Holdings Ltd,SP,HONGKONG LAND HOLDINGS LTD
Hoshino Resorts REIT Inc,JP,HOSHINO RESORTS REIT
Host Hotels & Resorts Inc,US,HOST HOTELS & RESORTS INC
Hoya Corp,JP,HOYA CORPORATION JPY
HubSpot Inc,US,HUBSPOT INC
Hubbell Inc,US,HUBBELL INC
Hufvudstaden AB,SS,HUFVUDSTADEN AB-A SHS
Hulic Reit Inc,JP,HULIC REIT INC
Humana Inc,US,HUMANA INC
Huntington Ingalls Industries Inc,US,HUNTINGTON INGALLS INDUSTRIES INC
Hydro One Ltd,CN,HYDRO ONE LTD
Hysan Development Co Ltd,HK,HYSAN DEVELOPMENT CO
Hyundai Mobis Co Ltd,KS,HYUNDAI MOBIS
Hyundai Motor Co,KS,HYUNDAI MOTOR CO LTD
ICADE,FP,ICADE
ICL Group Ltd,IT,ICL GROUP LTD
ICON PLC,US,ICON PLC
IDEX Corp,US,IDEX CORP
IDEXX Laboratories Inc,US,IDEXX LABORATORIES INC
IDP Education Ltd,AU,IDP EDUCATION LTD
IGM Financial Inc,CN,IGM FINANCIAL INC
ING Groep NV,,ING GROEP NV
IQVIA Holdings Inc,US,IQVIA HOLDINGS INC
ITOCHU Corp,JP,ITOCHU CORP JPY
Iberdrola SA,SM,IBERDROLA SA
Illinois Tool Works Inc,US,ILLINOIS TOOL WORKS
Illumina Inc,US,ILLUMINA INC
Imperial Oil Ltd,CN,IMPERIAL OIL LTD
InPost SA,,INPOST SA
Incitec Pivot Ltd,AU,INCITEC PIVOT LTD
Incyte Corp,US,INCYTE CORP
Independence Realty Trust Inc,US,INDEPENDENCE REALTY TRUST INC
Industrial & Commercial Bank of China Ltd,HK,INDUSTRIAL AND COMMERCIAL BANK OF CHINA
Industrial & Commercial Bank of China Ltd,C1,INDUSTRIAL AND COMMERCIAL BANK OF CHINA
Industrivarden AB,SS,INDUSTRIVARDEN AB
Industrivarden AB,SS,INDUSTRIVARDEN AB SER C NPV
Infineon Technologies AG,GR,INFINEON TECHNOLOGIES AG
Informa PLC,LN,INFORMA PLC
Infosys Ltd,US,INFOSYS LTD
Infosys Ltd,IN,INFOSYS LTD
Ingenia Communities Group,AU,INGENIA COMMUNITIES GROUP
Ingersoll Rand Inc,US,INGERSOLL RAND INC
Innovative Industrial Properties Inc,US,INNOVATIVE INDUSTRIAL PROPERTIES INC
Inpex Corp,JP,INPEX CORPORATION
Insignia Financial Ltd,AU,INSIGNIA FINANCIAL LTD
Inspire Medical Systems Inc,US,INSPIRE MEDICAL SYSTEMS INC
Intact Financial Corp,CN,INTACT FINANCIAL CORPORATION
Integral Diagnostics Ltd,AU,INTEGRAL DIAGNOSTICS LTD
Intel Corp,US,INTEL CORP
InterContinental Hotels Group PLC,LN,INTERCONTINENTAL HOTELS GROUP PLC
InterGlobe Aviation Ltd,IN,INTERGLOBE AVIATION LTD
Intercontinental Exchange Inc,US,INTERCONTINENTAL EXCHANGE INC
International Business Machines Corp,US,INTERNATIONAL BUSINESS MACHINES CORP CAP STK
International Flavors & Fragrances Inc,US,INTERNATIONAL FLAVORS & FRAGRANCES INC
Intesa Sanpaolo SpA,IM,INTESA SANPAOLO SPA
Intuit Inc,US,INTUIT INC
Intuitive Surgical Inc,US,INTUITIVE SURGICAL INC
InvenTrust Properties Corp,US,INVENTRUST PROPERTIES CORP
Investec PLC,LN,INVESTEC PLC
Invincible Investment Corp,JP,INVINCIBLE INVESTMENT CORP REIT
Invitation Homes Inc,US,INVITATION HOMES INC
Iron Mountain Inc,US,IRON MOUNTAIN INC
Isuzu Motors Ltd,JP,ISUZU MOTORS
Itau Unibanco Holding SA,US,ITAU UNIBANCO HOLDING SA
JBG SMITH Properties,US,JBG SMITH PROPERTIES
JD.com Inc,HK,JD.COM INC
JD.com Inc,US,JD.COM INC
JTEKT Corp,JP,JTEKT CORPORATION
Jabil Inc,US,JABIL INC
James Hardie Industries PLC,AU,JAMES HARDIE INDUSTRIES PLC
Japan Airlines Co Ltd,JP,JAPAN AIRLINES CO LTD
Japan Aviation Electronics Industry Ltd,JP,JAPAN AVIATION ELECTRONICS
Japan Excellent Inc,JP,JAPAN EXCELLENT INC
Japan Exchange Group Inc,JP,JAPAN EXCHANGE GROUP INC
Japan Hotel REIT Investment Corp,JP,JAPAN HOTEL REIT INVESTMENT CORP
Japan Logistics Fund Inc,JP,JAPAN LOGISTICS FUND INC
Japan Metropolitan Fund Invest,JP,JAPAN METROPOLITAN FUND INVESTMENT CORPORATION
Japan Post Holdings Co Ltd,JP,JAPAN POST HOLDINGS CO LTD
Jeronimo Martins SGPS SA,PL,JERONIMO MARTINS SGPS SA
Johnson & Johnson,US,JOHNSON & JOHNSON COM
Johnson Controls International plc,US,JOHNSON CONTROLS INTERNATIONAL PLC
Judo Capital Holdings Ltd,AU,JUDO CAPITAL HOLDINGS LTD
K's Holdings Corp,JP,K S HOLDINGS CORP
KB Financial Group Inc,KS,KB FINANCIAL GROUP INC
KBC Group NV,BB,KBC GROUP NV
KDDI Corp,JP,KDDI CORP
KE Holdings Inc,US,KE HOLDINGS INC ADR
KKR & Co Inc,US,KKR AND CO INC
Kao Corp,JP,KAO CORPORATION
Karoon Energy Ltd,AU,KAROON ENERGY LTD ORDINARY FULLY PAID
Kasikornbank PCL,TB,KASIKORNBANK PCL NVDR
Kennedy-Wilson Holdings Inc,US,KENNEDY WILSON HOLDINGS INC
Keppel DC REIT,SP,KEPPEL DC REIT UNITS
Kerry Group PLC,LN,KERRY GROUP PLC-A
Kerry Group PLC,ID,KERRY GROUP PLC-A
Keurig Dr Pepper Inc,US,KEURIG DR PEPPER INC
Keyence Corp,JP,KEYENCE CORP NPV
Kia Corp,KS,KIA CORPORATION
Kikkoman Corp,JP,KIKKOMAN CORPORATION JPY
Kilroy Realty Corp,US,KILROY REALTY CORP
Kimberly-Clark Corp,US,KIMBERLY CLARK CORP
Kimco Realty Corp,US,KIMCO REALTY CORP
Kinder Morgan Inc,US,KINDER MORGAN INC
Kingfisher PLC,LN,KINGFISHER PLC GBP0.1571
Kingspan Group PLC,ID,KINGSPAN GROUP PLC
Kinross Gold Corp,CN,KINROSS GOLD CORP
Klepierre SA,FP,KLEPIERRE
Knorr-Bremse AG,GR,KNORR BREMSE AG
Kogan.com Ltd,AU,KOGAN COM LTD ORDINARY FULLY PAID
Kojamo Oyj,FH,KOJAMO OYJ
Komatsu Ltd,JP,KOMATSU LTD JPY
Konami Group Corp,JP,KONAMI GROUP CORP
Kongsberg Gruppen ASA,NO,KONGSBERG GRUPPEN AS
Koninklijke Ahold Delhaize NV,,KONINKLIJKE AHOLD DELHAIZE NV
Koninklijke KPN NV,,KONINKLIJKE KPN NV
Koninklijke Philips NV,,KONINKLIJKE PHILIPS NV
Koninklijke Vopak NV,,KONINKLIJKE VOPAK NV
Korea Electric Power Corp,KS,KOREA ELECTRIC POWER CORPORATION
Kyowa Kirin Co Ltd,JP,KYOWA KIRIN CO LTD
Kyushu Electric Power Co Inc,JP,KYUSHU ELECTRIC POWER
L'Oreal SA,FP,L'OREAL
LEG Immobilien SE,GR,LEG IMMOBILIEN SE
LG Chem Ltd,KS,LG CHEM LTD
LPL Financial Holdings Inc,US,LPL FINANCIAL HOLDINGS INC
LTC Properties Inc,US,LTC PROPERTIES INC
LXP Industrial Trust,US,LXP INDUSTRIAL TRUST
La Francaise des Jeux SAEM,FP,LA FRANCAISE DES JEUX SA
LaSalle Logiport REIT,JP,LASALLE LOGIPORT REIT
Lam Research Corp,US,LAM RESEARCH CORP COM USD 0.001 P S
Land Securities Group PLC,LN,LAND SECURITIES GROUP PLC
Largan Precision Co Ltd,TT,LARGAN PRECISION CO LTD
Las Vegas Sands Corp,US,LAS VEGAS SANDS CORP
Latam Airlines Group SA,CI,LATAM AIRLINES GROUP SA ADR
Legal & General Group PLC,LN,LEGAL & GENERAL GROUP PLC
Legrand SA,FP,LEGRAND SA
Lendlease Corp Ltd,AU,LENDLEASE
Lendlease Global Commercial REIT,SP,LENDLEASE
Lendlease Global Commercial REIT,SP,LENDLEASE GLOBAL COMMERCIAL REIT
Lennar Corp,US,LENNAR CORPORATION CLASS A
Lenovo Group Ltd,HK,LENOVO GROUP LTD
Leonardo SpA,IM,LEONARDO  SpA
Li Ning Co Ltd,HK,LI NING CO LTD
Life360 Inc,AU,LIFE360 INC
Light & Wonder Inc,AU,LIGHT AND WONDER INC
Linde PLC,US,LINDE PLC
Linde PLC,GR,LINDE PLC
Lloyds Banking Group PLC,LN,LLOYDS BANKING GROUP PLC
Lockheed Martin Corp,US,LOCKHEED MARTIN CORP COM STK USD0.01
Loews Corp,US,LOEWS CORP
Logitech International SA,SW,LOGITECH INTERNATIONAL SA
Lojas Renner SA,BZ,LOJAS RENNER SA
London Stock Exchange Group PLC,LN,LONDON STOCK EXCHANGE
LondonMetric Property PLC,LN,LONDONMETRIC PROPERTY PLC
Lupin Ltd,IN,LUPIN LTD
Lynas Rare Earths Ltd,AU,LYNAS RARE EARTHS LTD
LyondellBasell Industries NV,US,LYONDELLBASELL INDUSTRIES
MEG Energy Corp,CN,MEG ENERGY CORP
MGM Resorts International,US,MGM RESORTS INTERNATIONAL
MS&AD Insurance Group Holdings Inc,JP,MS & AD INSURANCE GROUP HOLDINGS
MSCI Inc,US,MSCI INC
MTR Corp Ltd,HK,MTR CORP
MTU Aero Engines AG,GR,MTU AERO ENGINES AG
Macerich Co/The,US,MACERICH CO
Macquarie Group Ltd,AU,MACQUARIE GROUP LTD
Magna International Inc,CN,MAGNA INTERNATIONAL INC
Magna International Inc,US,MAGNA INTERNATIONAL INC
MakeMyTrip Ltd,US,MAKEMYTRIP LTD
Makita Corp,JP,MAKITA CORPORATION
Manhattan Associates Inc,US,MANHATTAN ASSOCIATES INC
Manulife Financial Corp,CN,MANULIFE FINANCIAL CORP
Mapletree Industrial Trust,SP,MAPLETREE INDUSTRIAL TRUST
Mapletree Logistics Trust,SP,MAPLETREE LOGISTICS TRUST
Mapletree Pan Asia Commercial Trust,SP,MAPLETREE PAN ASIA COMMERCIAL TRUST
Marks & Spencer Group PLC,LN,MARKS & SPENCER GROUP
Masco Corp,US,MASCO CORP USD
Mastercard Inc,US,MASTERCARD INC - CLASS A
Match Group Inc,US,MATCH GROUP INC
Max Healthcare Institute Ltd,IN,MAX HEALTHCARE INSTITUTE LTD
Mazda Motor Corp,JP,MAZDA MOTOR CORP
McDonald's Corp,US,MCDONALD'S CORP
McKesson Corp,US,MCKESSON CORP
MediaTek Inc,TT,MEDIATEK INC
Medical Properties Trust Inc,US,"MEDICAL PROPERTIES TRUST, INC."
Medipal Holdings Corp,JP,MEDIPAL HOLDINGS CORPORATION
Medpace Holdings Inc,US,MEDPACE HOLDINGS INC
Medtronic PLC,US,MEDTRONIC PLC
Meituan,HK,MEITUAN
Melisron Ltd,IT,MELISRON LTD
MercadoLibre Inc,US,MERCADOLIBRE INC
Mercedes-Benz Group AG,GR,MERCEDES-BENZ GROUP AG
Mercialys SA,FP,MERCIALYS
Merck & Co Inc,US,MERCK & CO INC NEW COM
Merlin Properties Socimi SA,SM,MERLIN PROPERTIES SOCIMI SA
MetLife Inc,US,METLIFE INC
Meta Platforms Inc,US,META PLATFORMS INC
Metropolitan Bank & Trust Co,PM,METROPOLITAN BANK & TRUST COMPANY
Microchip Technology Inc,US,MICROCHIP TECHNOLOGY INC
Micron Technology Inc,US,MICRON TECHNOLOGY INC USD
Microsoft Corp,US,MICROSOFT CORP
Mid-America Apartment Communities Inc,US,MID-AMERICA APARTMENT COMMUNITIES
Midea Group Co Ltd,C2,MIDEA GROUP CO LTD
Mineral Resources Ltd,AU,MINERAL RESOURCES LTD
Mirvac Group,AU,MIRVAC GROUP FINANCE LTD
Mirvac Group,AU,MIRVAC GROUP PROPERTY TRUST
Mitsubishi Chemical Group Corp,JP,MITSUBISHI CHEMICAL GROUP CORPORATION
Mitsubishi Corp,JP,MITSUBISHI CORP
Mitsubishi Electric Corp,JP,MITSUBISHI ELECTRIC
Mitsubishi Estate Co Ltd,JP,MITSUBISHI ESTATE
Mitsubishi Estate Logistics REIT Investment Corp,JP,MITSUBISHI ESTATE
Mitsubishi Estate Logistics REIT Investment Corp,JP,MITSUBISHI ESTATE LOGISTICS REIT INVESTMENT CORPORATION
Mitsubishi Heavy Industries Ltd,JP,MITSUBISHI HEAVY INDUSTRIES LTD
Mitsubishi UFJ Financial Group Inc,JP,MITSUBISHI UFJ FINANCIAL
Mitsui Fudosan Co Ltd,JP,MITSUI FUDOSAN CO
Mitsui Fudosan Logistics Park Inc,JP,MITSUI FUDOSAN LOGISTICS PARK INC
Mizuho Financial Group Inc,JP,MIZUHO FINANCIAL GROUP INC
Moderna Inc,US,MODERNA INC
Moncler SpA,IM,MONCLER SPA
Monday.com Ltd,US,MONDAY COM LTD
Mondelez International Inc,US,MONDELEZ INTERNATIONAL INC
Mondi PLC,LN,MONDI PLC ORD EUR0.22
Monolithic Power Systems Inc,US,MONOLITHIC POWER SYSTEMS INC
MonotaRO Co Ltd,JP,MONOTARO CO LTD
Morgan Stanley,US,MORGAN STANLEY INVESTMENT MANAGEMENT (AUSTRALIA) PTY LIMITED
Mori Trust Reit Inc,JP,MORI TRUST REIT INC
Motorola Solutions Inc,US,MOTOROLA SOLUTIONS INC
Mowi ASA,NO,MOWI ASA
Mr Price Group Ltd,SJ,MR PRICE GROUP
NEC Corp,JP,NEC CORPORATION
NETSTREIT Corp,US,NETSTREIT CORP
NGK Insulators Ltd,JP,NGK INSULATORS LTD
NIKE Inc,US,NIKE INC CL B
NN Group NV,,NN GROUP NV
NNN REIT Inc,US,NNN REIT INC
NOK Corp,JP,NOK CORP
NP3 Fastigheter AB,SS,NP3 FASTIGHETER AB
NRG Energy Inc,US,NRG ENERGY INC
NRW Holdings Ltd,AU,NRW HOLDINGS LTD
NU Holdings Ltd/Cayman Islands,US,NU HOLDINGS LTD
NVIDIA Corp,US,NVIDIA CORP
NVR Inc,US,NVR INC
NXP Semiconductors NV,US,NXP SEMICONDUCTORS
Nanosonics Ltd,AU,NANOSONICS LTD
Nasdaq Inc,US,NASDAQ INC
NatWest Group PLC,LN,NATWEST GROUP PLC ORD
National Bank of Canada,CN,NATIONAL BANK OF CANADA
National Grid PLC,LN,NATIONAL GRID
National Health Investors Inc,US,NATIONAL HEALTH INVESTORS
National Storage Affiliates Trust,US,NATIONAL STORAGE AFFILIATES TRUST
National Storage REIT,AU,NATIONAL STORAGE REIT STAPLED SECURITY FULLY PAID
Nestle SA,SW,NESTLE SA
NetApp Inc,US,NETAPP INC
NetEase Inc,US,NETEASE INC
NetEase Inc,HK,NETEASE INC
NetEase Inc,US,NETEASE INC SPON ADS EACH REP 25 ORD SH
NetEase Inc,HK,NETEASE INC SPON ADS EACH REP 25 ORD SH
Netflix Inc,US,NETFLIX INC
Netwealth Group Ltd,AU,NETWEALTH GROUP LTD
Neuren Pharmaceuticals Ltd,AU,NEUREN PHARMACEUTICALS LTD
Neurocrine Biosciences Inc,US,NEUROCRINE BIOSCIENCES INC
New Oriental Education & Technology Group Inc,HK,NEW ORIENTAL EDUCA
Newell Brands Inc,US,NEWELL BRANDS INC
Newmont Corp,AU,NEWMONT CORP
Newmont Corp,AU,NEWMONT CORPORATION
News Corp,AU,NEWS CORP
News Corp,US,NEWS CORP
News Corp,AU,NEWS CORPORATION CLASS B
News Corp,US,NEWS CORPORATION CLASS B
NexGen Energy Ltd,AU,NEXGEN ENERGY LTD
NexPoint Residential Trust Inc,US,NEXPOINT RESIDENTIAL TRUST INC
Nexon Co Ltd,JP,NEXON CO LTD
Next PLC,LN,NEXT PLC
NextEra Energy Inc,US,NEXTERA ENERGY INC
NiSource Inc,US,NISOURCE INC
Nice Ltd,IT,NICE  LTD
Nintendo Co Ltd,JP,NINTENDO CO LTD
Nippon Accommodations Fund Inc,JP,NIPPON ACCOMMODATIONS FUND
Nippon Building Fund Inc,JP,NIPPON BUILDING FUND INC
Nippon Prologis REIT Inc,JP,NIPPON PROLOGIS REIT INC
Nippon Steel Corp,JP,NIPPON STEEL CORPORATION
Nippon Yusen KK,JP,NIPPON YUSEN KK NPV
Nitto Denko Corp,JP,NITTO DENKO CORPORATION
Nokia Oyj,US,NOKIA OYJ
Nokia Oyj,FH,NOKIA OYJ
Nokia Oyj,US,NOKIA OYJ NPV
Nokia Oyj,FH,NOKIA OYJ NPV
Nomura Holdings Inc,JP,NOMURA HOLDINGS INC
Nomura Research Institute Ltd,JP,NOMURA RESEARCH INSTITUTE LTD
Nordea Bank Abp,FH,NORDEA BANK ABP
Norfolk Southern Corp,US,NORFOLK SOUTHERN CORP USD
Northern Star Resources Ltd,AU,NORTHERN STAR RESOURCES LTD
Northern Trust Corp,US,NORTHERN TRUST CORP
Nova Ltd,US,NOVA LTD
Novartis AG,SW,NOVARTIS AG
Nucor Corp,US,NUCOR CORP
Nutanix Inc,US,NUTANIX INC
Nutrien Ltd,US,NUTRIEN LTD COM NPV
Nutrien Ltd,CN,NUTRIEN LTD COM NPV
Nyfosa AB,SS,NYFOSA AB NPV
OMV AG,AV,OMV AG
ON Semiconductor Corp,US,ON SEMICONDUCTOR CORPORATION
ONEOK Inc,US,ONEOK INC
ORIX Corp,JP,ORIX CORPORATION
Obic Co Ltd,JP,OBIC CO LTD
Occidental Petroleum Corp,US,OCCIDENTAL PETROLEUM CORP
Okta Inc,US,OKTA INC
Old Dominion Freight Line Inc,US,OLD DOMINION FREIGHT LINE INC
Olympus Corp,JP,OLYMPUS CORP
Omega Healthcare Investors Inc,US,OMEGA HEALTHCARE INVESTORS
Open Text Corp,CN,OPEN TEXT CORP
Oracle Corp,US,ORACLE CORP
Oracle Corp,US,ORACLE CORPORATION JAPAN
Oracle Corp Japan,JP,ORACLE CORP
Orion Oyj,FH,ORION OYJ
Orix JREIT Inc,JP,ORIX JREIT INC
Orkla ASA,NO,ORKLA ASA
Osaka Gas Co Ltd,JP,OSAKA GAS CO LTD JPY
Otsuka Corp,JP,OTSUKA CORPORATION
Oversea-Chinese Banking Corp Ltd,SP,OVERSEA-CHINESE BANKING CORP
Ovintiv Inc,US,OVINTIV INC
Owens Corning,US,OWENS CORNING INC
PACCAR Inc,US,PACCAR INC
PB Fintech Ltd,IN,PB FINTECH LTD
PEXA Group Ltd,AU,PEXA GROUP LTD PLC
PG&E Corp,US,PG AND E CORP
PLDT Inc,PM,PLDT INC
PLDT Inc,PM,PLDT INC ADR EACH REP 1 ORD SHS
PPL Corp,US,PPL CORPORATION
PRS REIT Plc/The,LN,PRS REIT PLC
PSP Swiss Property AG,SW,PSP SWISS PROPERTY AG
PVH Corp,US,PVH CORP COM USD1.00
Packaging Corp of America,US,PACKAGING CORP OF AMERICA
Palantir Technologies Inc,US,PALANTIR TECHNOLOGIES INC
Palo Alto Networks Inc,US,PALO ALTO NETWORKS INC
Pan American Silver Corp,CN,PAN AMERICAN SILVER CORP
Panasonic Holdings Corp,JP,PANASONIC HOLDINGS CORP
Pandox AB,SS,PANDOX AB
Paramount Group Inc,US,PARAMOUNT GROUP INC
Park Hotels & Resorts Inc,US,PARK HOTELS & RESORTS INC
Parker-Hannifin Corp,US,PARKER HANNIFIN CORP
Parkway Life Real Estate Investment Trust,SP,PARKWAY LIFE REAL ESTATE INVESTMENT TRUST
PayPal Holdings Inc,US,PAYPAL HOLDINGS INC
Paychex Inc,US,PAYCHEX INC
Pebblebrook Hotel Trust,US,PEBBLEBROOK HOTEL TRUST
Pembina Pipeline Corp,CN,PEMBINA PIPELINE
Pentair PLC,US,PENTAIR PLC COM
PepsiCo Inc,US,PEPSICO INC CAP 2/3
Perenti Ltd,AU,PERENTI LTD
Perseus Mining Ltd,AU,PERSEUS MINING LTD
PetroChina Co Ltd,HK,PETROCHINA CO LTD H
Pfizer Inc,US,PFIZER INC COM
Phillips Edison & Co Inc,US,PHILLIPS EDISON & CO INC
Phoenix Mills Ltd/The,IN,PHOENIX MILLS LTD
Pilbara Minerals Ltd,AU,PILBARA MINERALS LTD
Pinnacle Investment Management Group Ltd,AU,PINNACLE INVESTMENT MANAGEMENT GROUP LTD
Pinnacle West Capital Corp,US,PINNACLE WEST CAPITAL
Pinterest Inc,US,PINTEREST INC
Platinum Asset Management Ltd,AU,PLATINUM ASSET MANAGEMENT LTD
Pop Mart International Group Ltd,HK,POP MART INTERNATIONAL GROUP LTD
Popular Inc,US,POPULAR INC COM USD6 POST REV SPLIT
Porsche Automobil Holding SE,GR,PORSCHE AUTOMOBIL HOLDING SE
Power Corp of Canada,CN,POWER CORP OF CANADA CAD
Powszechna Kasa Oszczednosci Bank Polski SA,PW,POWSZECHNA KASA OS
Principal Financial Group Inc,US,PRINCIPAL FINANCIAL GROUP
Pro Medicus Ltd,AU,PRO MEDICUS LTD
Progress Software Corp,US,PROGRESS SOFTWARE CORPORATION
Progressive Corp/The,US,PROGRESSIVE CORP
Prologis Inc,US,PROLOGIS INC COM
Prosus NV,,PROSUS NV
Prudential Financial Inc,US,PRUDENTIAL FINANCIAL INC
Prysmian SpA,IM,PRYSMIAN SPA
Public Service Enterprise Group Inc,US,PUBLIC SERVICE ENTERPRISE GROUP INC
Public Storage,US,PUBLIC STORAGE
Publicis Groupe SA,FP,PUBLICIS GROUPE
Pure Storage Inc,US,PURE STORAGE INC
Q2 Holdings Inc,US,Q2 HOLDINGS INC
QBE Insurance Group Ltd,AU,QBE INSURANCE GROUP LTD
QIAGEN NV,S1,QIAGEN NV ORD EUR0.01 POST REV SPLT
QUALCOMM Inc,US,QUALCOMM INC
Qorvo Inc,US,QORVO INC
Quanta Computer Inc,TT,QUANTA COMPUTER INC
Quanta Services Inc,US,QUANTA SERVICES INC
Qube Holdings Ltd,AU,QUBE HOLDINGS LTD
Quest Diagnostics Inc,US,QUEST DIAGNOSTICS
RB Global Inc,CN,RB GLOBAL INC COM NPV
REA Group Ltd,AU,REA GROUP LTD
RELX PLC,LN,RELX PLC
RELX PLC,,RELX PLC
RLJ Lodging Trust,US,RLJ LODGING TRUST ORD
ROBLOX Corp,US,ROBLOX CORPORATION COM CL A ORD SHS
ROCKWOOL A/S,DC,ROCKWOOL A/S
RPM International Inc,US,RPM INTERNATIONAL INC
RTX Corp,US,RTX CORPORATION
RWE AG,GR,RWE AG
Radian Group Inc,US,RADIAN GROUP INC
Rakus Co Ltd,JP,RAKUS CO LTD
Ramsay Health Care Ltd,AU,RAMSAY HEALTH CARE
Randstad NV,,RANDSTAD NV
Realty Income Corp,US,REALTY INCOME CORPORATION
Reckitt Benckiser Group PLC,LN,RECKITT BENCKISER GROUP PLC
Regency Centers Corp,US,REGENCY CENTERS CORPORATION
Regeneron Pharmaceuticals Inc,US,REGENERON PHARMACEUTICALS INC
Region RE Ltd,AU,REGION RE LTD
Regis Resources Ltd,AU,REGIS RESOURCES LTD
Reliance Inc,US,RELIANCE INC
Repsol SA,SM,REPSOL SA
Republic Services Inc,US,REPUBLIC SERVICES INC
ResMed Inc,AU,RESMED INC
ResMed Inc,US,RESMED INC
Resona Holdings Inc,JP,RESONA HOLDINGS INC
Retail Estates NV,BB,RETAIL ESTATES NV
Retail Opportunity Investments Corp,US,RETAIL OPPORTUNITY INVESTMENT
Rexel SA,FP,REXEL SA
Rexford Industrial Realty Inc,US,REXFORD INDUSTRIAL REALTY INC
Rheinmetall AG,GR,RHEINMETALL AG
Rio Tinto PLC,LN,RIO TINTO PLC ORD
RioCan Real Estate Investment Trust,CN,RIOCAN REAL ESTATE INVESTMENT TRUST
Rivian Automotive Inc,US,RIVIAN AUTOMOTIVE INC
Robinhood Markets Inc,US,ROBINHOOD MARKETS INC
Roche Holding AG,SW,ROCHE HOLDING AG
Roku Inc,US,ROKU INC
Rollins Inc,US,ROLLINS INC
Roper Technologies Inc,US,ROPER TECHNOLOGIES INC
Ross Stores Inc,US,ROSS STORES INC
Royal Bank of Canada,CN,ROYAL BANK OF CANADA
Royalty Pharma PLC,US,ROYALTY PHARMA PLC
Ryman Hospitality Properties Inc,US,RYMAN HOSPITALITY PROPERTIES INC
S&P Global Inc,US,S AND P GLOBAL INC COM
SBA Communications Corp,US,SBA COMMUNICATIONS CORP
SBI Holdings Inc,JP,SBI HOLDINGS INC NPV
SCOR SE,FP,SCOR SE
SEB SA,FP,SEB SA
SEI Investments Co,US,SEI INVESTMENTS COMPANY
SGS SA,SW,SGS SA
SITC International Holdings Co Ltd,HK,SITC INTERNATIONAL
SITE Centers Corp,US,SITE CENTERS CORP COM USD 0.10 POST REV SPLIT
SK Hynix Inc,KS,SK HYNIX INC
SKF AB,SS,SKF AB
SKY Network Television Ltd,NZ,SKY NETWORK TELEVISION LTD
SMC Corp,JP,SMC CORP
SS&C Technologies Holdings Inc,US,SS AND C TECHNOLOGIES HOLDINGS
STAG Industrial Inc,US,STAG INDUSTRIAL INC
STMicroelectronics NV,FP,STMICROELECTRONICS NV
Safehold Inc,US,SAFEHOLD INC COM USD0.01
Safestore Holdings PLC,LN,SAFESTORE HOLDINGS PLC
Safran SA,FP,SAFRAN SA
Sagax AB,SS,SAGAX AB
Salesforce Inc,US,SALESFORCE INC
Salmar ASA,NO,SALMAR ASA
Samhallsbyggnadsbolaget i Norden AB,SS,SAMHALLSBYGGNADSBOLAGET I NORDEN AB
Samsara Inc,US,SAMSARA INC
Samsung C&T Corp,KS,SAMSUNG C AND T CORPORATION
Samsung Electronics Co Ltd,KS,SAMSUNG ELECTRONICS CO LTD
Samsung Electronics Co Ltd,LI,SAMSUNG ELECTRONICS CO LTD
Samsung SDS Co Ltd,KS,SAMSUNG SDS CO LTD
Sanofi SA,FP,SANOFI SA
Santen Pharmaceutical Co Ltd,JP,SANTEN PHARMACEUTICAL CO
Sanwa Holdings Corp,JP,SANWA HOLDINGS CORPORATION
Sartorius AG,GR,SARTORIUS AG VORZUG
Scentre Group,AU,SCENTRE GROUP
Scentre Group,AU,SCENTRE GROUP TRUST 1
Schneider Electric SE,FP,SCHNEIDER ELECTRIC SE
Schroders PLC,LN,SCHRODERS PLC ORD GB
Sea Ltd,US,SEA LTD
Secom Co Ltd,JP,SECOM CO LTD
Securitas AB,SS,SECURITAS AB
Sega Sammy Holdings Inc,JP,SEGA SAMMY HOLDINGS INC
Segro PLC,LN,SEGRO PLC
Seiko Epson Corp,JP,SEIKO EPSON CORPORATION
Sekisui House Reit Inc,JP,SEKISUI HOUSE
Sekisui House Reit Inc,JP,SEKISUI HOUSE REIT INC
Sempra,US,SEMPRA ORD
ServiceNow Inc,US,SERVICENOW INC
Severn Trent PLC,LN,SEVERN TRENT PLC
Shaftesbury Capital PLC,LN,SHAFTESBURY CAPITAL PLC
Shell PLC,LN,SHELL PLC ORD EUR0.07
Shell PLC,S4,SHELL PLC ORD EUR0.07
Shimamura Co Ltd,JP,SHIMAMURA CO LTD
Shimano Inc,JP,SHIMANO INC
Shinhan Financial Group Co Ltd,US,SHINHAN FINANCIAL GROUP
Shinhan Financial Group Co Ltd,KS,SHINHAN FINANCIAL GROUP
Shionogi & Co Ltd,JP,SHIONOGI & CO LTD
Shopify Inc,CN,SHOPIFY INC COM NPV CL A
Shopify Inc,US,SHOPIFY INC COM NPV CL A
Siemens AG,GR,SIEMENS AG NPV EUR
Siemens Energy AG,GR,SIEMENS ENERGY AG
Signify NV,,SIGNIFY NV EUR0.01
Sika AG,SW,SIKA AG
Simon Property Group Inc,US,SIMON PROPERTY GROUP INC USD
Singapore Airlines Ltd,SP,SINGAPORE AIRLINES LTD
Singapore Exchange Ltd,SP,SINGAPORE EXCHANGE LTD
Sino Land Co Ltd,HK,SINO LAND CO LTD HKG
Sirius Real Estate Ltd,LN,SIRIUS REAL ESTATE LTD
SiteMinder Ltd,AU,SITEMINDER LTD
Skyworks Solutions Inc,US,SKYWORKS SOLUTIONS INC
Snam SpA,IM,SNAM SPA
Snap-on Inc,US,SNAP ON INC
Snowflake Inc,US,SNOWFLAKE INC
Societe Generale SA,FP,SOCIETE GENERALE SA
SoftBank Corp,JP,SOFTBANK CORP
Softcat PLC,LN,SOFTCAT PLC
Sompo Holdings Inc,JP,SOMPO HOLDINGS INC NPV
Sonic Healthcare Ltd,AU,SONIC HEALTHCARE LTD ORDINARY FULLY PAID
Sonova Holding AG,SW,SONOVA HOLDING AG - REG
Stantec Inc,CN,STANTEC INC
Starbucks Corp,US,STARBUCKS CORP
Starhill Global REIT,SP,STARHILL GLOBAL REIT
State Bank of India,IN,STATE BANK OF INDIA INR1
State Street Corp,US,STATE STREET CORP USD
Steel Dynamics Inc,US,STEEL DYNAMICS INC
Stockland,AU,STOCKLAND
Stockland,AU,STOCKLAND TRUST MANAGEMENT LTD
Stryker Corp,US,STRYKER CORP
Subaru Corp,JP,SUBARU CORP
Sumitomo Corp,JP,SUMITOMO CORP JPY
Sumitomo Electric Industries Ltd,JP,SUMITOMO ELECTRIC
Sumitomo Forestry Co Ltd,JP,SUMITOMO FORESTRY CO LTD
Sumitomo Mitsui Financial Group Inc,JP,SUMITOMO MITSUI FINANCIAL GROUP
Summit Hotel Properties Inc,US,SUMMIT HOTEL PROPERTIES INC
Sun Communities Inc,US,SUN COMMUNITIES INC
Sun Life Financial Inc,CN,SUN LIFE FINANCIAL INC
Suncor Energy Inc,CN,SUNCOR ENERGY INC
Suncorp Group Ltd,AU,SUNCORP GROUP LTD
Sunstone Hotel Investors Inc,US,SUNSTONE HOTEL INVESTORS INC REITS
Supermarket Income Reit PLC,LN,SUPERMARKET INCOME REIT PLC
Suzuken Co Ltd/Aichi Japan,JP,SUZUKEN CO LTD
Swire Pacific Ltd,HK,SWIRE PACIFIC
Swisscom AG,SW,SWISSCOM AG
Swissquote Group Holding SA,SW,SWISSQUOTE GROUP HOLDING SA
Symrise AG,GR,SYMRISE AG
Synchrony Financial,US,SYNCHRONY FINANCIAL
Synopsys Inc,US,SYNOPSYS INC
Sysco Corp,US,SYSCO CORPORATION COM
T Rowe Price Group Inc,US,T ROWE PRICE GROUP
T-Mobile US Inc,US,T MOBILE US INC COM
TC Energy Corp,CN,TC ENERGY CORP
TDK Corp,JP,TDK CORPORATION
TFI International Inc,CN,TFI INTERNATIONAL INC
TJX Cos Inc/The,US,TJX COS INC
TMX Group Ltd,CN,TMX GROUP LTD COM NPV
TOPPAN Holdings Inc,JP,TOPPAN HOLDINGS INC
TOTO Ltd,JP,TOTO LTD
Tabcorp Holdings Ltd,AU,TABCORP HOLDINGS LTD
Take-Two Interactive Software Inc,US,TAKE TWO INTERACTIVE SOFTWARE INC
Takeda Pharmaceutical Co Ltd,JP,TAKEDA PHARMACEUTICAL CO LTD
Tanger Inc,US,TANGER INC
Target Corp,US,TARGET CORPORATION
Tata Consultancy Services Ltd,IN,TATA CONSULTANCY SERVICES
Taylor Wimpey PLC,LN,TAYLOR WIMPEY PLC GBP
Tech Mahindra Ltd,IN,TECH MAHINDRA
Teck Resources Ltd,CN,TECK RESOURCES LTD-CLS B
Teleflex Inc,US,TELEFLEX INC
Telefonica SA,SM,TELEFONICA SA
Teleperformance SE,FP,TELEPERFORMANCE
Telstra Group Ltd,AU,TELSTRA GROUP LTD
Temple & Webster Group Ltd,AU,TEMPLE AND WEBSTER GROUP LTD
Tenaris SA,IM,TENARIS SA
Tencent Holdings Ltd,HK,TENCENT HOLDINGS LTD
Teradyne Inc,US,TERADYNE INC
Tesla Inc,US,TESLA INC
Texas Instruments Inc,US,TEXAS INSTRUMENTS
Textron Inc,US,TEXTRON INC
Thermo Fisher Scientific Inc,US,THERMO FISHER SCIENTIFIC INC
Toho Gas Co Ltd,JP,TOHO GAS CO LTD
Tokio Marine Holdings Inc,JP,TOKIO MARINE HOLDINGS INC
Tokyo Electron Ltd,JP,TOKYO ELECTRON LTD JPY
Tokyo Gas Co Ltd,JP,TOKYO GAS CO LTD
Tokyu REIT Inc,JP,TOKYU REIT INC
Toll Brothers Inc,US,TOLL BROTHERS INC
Toromont Industries Ltd,CN,TOROMONT INDUSTRIES LTD
Toronto-Dominion Bank/The,CN,TORONTO-DOMINION BANK
TotalEnergies SE,FP,TOTALENERGIES SE
Toyota Motor Corp,JP,TOYOTA MOTOR CORP
Toyota Tsusho Corp,JP,TOYOTA TSUSHO CORP
Tractor Supply Co,US,TRACTOR SUPPLY COMPANY
Trade Desk Inc/The,US,TRADE DESK INC
Tradeweb Markets Inc,US,TRADEWEB MARKETS INC
Trane Technologies PLC,US,TRANE TECHNOLOGIES PLC
TransDigm Group Inc,US,TRANSDIGM GROUP INC
Transurban Group,AU,TRANSURBAN GROUP ORDINARY SHARES UNITS STAPLED SECURITIES
Travelers Cos Inc/The,US,TRAVELERS COS INC / THE
Trelleborg AB,SS,TRELLEBORG AB-B SHS
Trent Ltd,IN,TRENT LTD
Trimble Inc,US,TRIMBLE INC COM NPV
Tritax Big Box REIT PLC,LN,TRITAX BIG BOX REIT PLC
Twilio Inc,US,TWILIO INC
Tyler Technologies Inc,US,TYLER TECHNOLOGIES INC
Tyro Payments Ltd,AU,TYRO PAYMENTS LTD
Tyson Foods Inc,US,TYSON FOODS INC CLASS A
UBS Group AG,SW,UBS GROUP AG
UDR Inc,US,UDR INC
UNITE Group PLC/The,LN,UNITE GROUP PLC
US Foods Holding Corp,US,US FOODS HOLDING CORP
Uber Technologies Inc,US,UBER TECHNOLOGIES INC
Ulta Beauty Inc,US,ULTA BEAUTY INC COM
UniCredit SpA,IM,UNICREDIT SPA
Unibail-Rodamco-Westfield,AU,UNIBAIL RODAMCO WESTFIELD
Unibail-Rodamco-Westfield,FP,UNIBAIL RODAMCO WESTFIELD
Unibail-Rodamco-Westfield,AU,UNIBAIL-RODAMCO-WESTFIELD CHESS DEPOSITARY INTERESTS 20:1 DE
Unibail-Rodamco-Westfield,FP,UNIBAIL-RODAMCO-WESTFIELD CHESS DEPOSITARY INTERESTS 20:1 DE
Unilever PLC,US,UNILEVER PLC
Unilever PLC,LN,UNILEVER PLC
Unilever PLC,I2,UNILEVER PLC
Union Pacific Corp,US,UNION PACIFIC CORP
United Overseas Bank Ltd,SP,UNITED OVERSEAS BANK LTD
United Rentals Inc,US,UNITED RENTALS INC
United Therapeutics Corp,US,UNITED THERAPEUTICS CORP
United Urban Investment Corp,JP,UNITED URBAN INVESTMENT CORP
United Utilities Group PLC,LN,UNITED UTILITIES GROUP PLC
UnitedHealth Group Inc,US,UNITEDHEALTH GROUP INC COM STK
Urban Logistics REIT PLC,LN,URBAN LOGISTICS REIT PLC
VICI Properties Inc,US,VICI PROPERTIES INC
Valero Energy Corp,US,VALERO ENERGY CORP
Valvoline Inc,US,VALVOLINE INC
Veeva Systems Inc,US,VEEVA SYSTEMS INC
Ventas Inc,US,VENTAS INC
Verbund AG,AV,VERBUND AG
VeriSign Inc,US,VERISIGN INC
Veris Residential Inc,US,VERIS RESIDENTIAL INC
Verizon Communications Inc,US,VERIZON COMMUNICATIONS
Verizon Communications Inc,US,VERIZON COMMUNICATIONS INC
Vertex Pharmaceuticals Inc,US,VERTEX PHARMACEUTICALS INC
Vertiv Holdings Co,US,VERTIV HOLDINGS CO
Viatris Inc,US,VIATRIS INC
Vinci SA,FP,VINCI SA
Visa Inc,US,VISA INC - A
Vistra Corp,US,VISTRA CORP
Volkswagen AG,GR,VOLKSWAGEN AG
Volvo AB,SS,VOLVO AB
Volvo AB,SS,VOLVO AB - B
Vonovia SE,GR,VONOVIA SE NPV SUBS RTS DIV CASH
Vornado Realty Trust,US,VORNADO REALTY TRUST
Voya Financial Inc,US,VOYA FINANCIAL INC
WEC Energy Group Inc,US,WEC ENERGY GROUP INC
WEG SA,BZ,WEG SA
WH Group Ltd,HK,WH GROUP LTD
WSP Global Inc,CN,WSP GLOBAL INC
Walmart Inc,US,WALMART INC
Warehouse Reit PLC,LN,WAREHOUSE REIT PLC
Wartsila OYJ Abp,FH,WARTSILA OYJ
Waste Management Inc,US,WASTE MANAGEMENT INC COM
Waters Corp,US,WATERS CORPORATION
Webjet Group Ltd,AU,WEBJET GROUP LTD
Wells Fargo & Co,US,WELLS FARGO & CO
Wells Fargo & Co,US,WELLS FARGO & COMPANY
Welltower Inc,US,WELLTOWER INC
Wesfarmers Ltd,AU,WESFARMERS LTD
West African Resources Ltd,AU,WEST AFRICAN RESOURCES LTD
Westpac Banking Corp,AU,WESTPAC BANKING CORPORATION
Westpac Banking Corp,AU,WESTPAC BANKING CORPORATION CAP NOTE 3-BBSW+2.90% PERP NON-CUM RED T-09-29
Westpac Banking Corp,AU,WESTPAC BANKING CORPORATION CAP NOTE 3-BBSW+3.20% PERP NON-CUM RED T-09-25
Westpac Banking Corp,AU,WESTPAC BANKING CORPORATION CAP NOTE 3-BBSW+3.40% PERP NON-CUM RED T-03-27
Westpac Banking Corp,AU,WESTPAC BANKING CORPORATION CAP NOTE 3-BBSW+3.40% PERP NON-CUM RED T-09-28
Weyerhaeuser Co,US,WEYERHAEUSER CO USD
Wheaton Precious Metals Corp,CN,WHEATON PRECIOUS METALS
Willis Towers Watson PLC,US,WILLIS TOWERS WATSON
Wix.com Ltd,US,WIX COM LTD
Wolters Kluwer NV,,WOLTERS KLUWER
Woodside Energy Group Ltd,AU,WOODSIDE ENERGY GROUP LTD ORDINARY FULLY PAID
Woolworths Group Ltd,AU,WOOLWORTHS GROUP LTD
Workday Inc,US,WORKDAY INC
Xcel Energy Inc,US,XCEL ENERGY INC
Xenia Hotels & Resorts Inc,US,XENIA HOTELS AND RESORTS INC
Xiaomi Corp,HK,XIAOMI CORP
Xior Student Housing NV,BB,XIOR STUDENT HOUSING NV
Yakult Honsha Co Ltd,JP,YAKULT HONSHA
Yamaha Motor Co Ltd,JP,YAMAHA MOTOR CO
Yaskawa Electric Corp,JP,YASKAWA ELECTRIC CORP
Yum! Brands Inc,US,YUM! BRANDS INC
ZOZO Inc,JP,ZOZO INC
Zalando SE,GR,ZALANDO SE NPV
Zebra Technologies Corp,US,ZEBRA TECHNOLOGIES CORP
Zijin Mining Group Co Ltd,HK,ZIJIN MINING GROUP CO LTD
Zillow Group Inc,US,ZILLOW GROUP INC
Zimmer Biomet Holdings Inc,US,ZIMMER BIOMET HOLDINGS INC
Zoetis Inc,US,ZOETIS INC
Zomato Ltd,IN,ZOMATO LTD
Zoom Video Communications Inc,US,ZOOM VIDEO COMMUNICATIONS INC
Zscaler Inc,US,ZSCALER INC
adidas AG,GR,ADIDAS AG
eBay Inc,US,EBAY INC
nib holdings Ltd/Australia,AU,NIB HOLDINGS LTD
