Name/Kind of Investment Item,Stock ID
AUSTRALIA AND NEW ZEALAND BANKING GROUP LIMITED,
BNP PARIBAS SA (AUSTRALIA),
BNP PARIBAS SA (AUSTRALIA),
BNP PARIBAS SA (AUSTRALIA),
BNP PARIBAS SA (AUSTRALIA),
BNP PARIBAS SA (AUSTRALIA),
BNP PARIBAS SA (AUSTRALIA),
BNP PARIBAS SA (AUSTRALIA),
BNP PARIBAS SA (AUSTRALIA),
BNP PARIBAS SA (AUSTRALIA),
BNP PARIBAS SA (AUSTRALIA),
BNP PARIBAS SA (AUSTRALIA),
BNP PARIBAS SA (AUSTRALIA),
BNP PARIBAS SA (AUSTRALIA),
BNP PARIBAS SA (AUSTRALIA),
BNP PARIBAS SA (AUSTRALIA),
BNP PARIBAS SA (AUSTRALIA),
BNP PARIBAS SA (AUSTRALIA),
BNP PARIBAS SA (AUSTRALIA),
BNP PARIBAS SA (AUSTRALIA),
BNP PARIBAS SA (AUSTRALIA),
BNP PARIBAS SA (AUSTRALIA),
BNP PARIBAS SA (AUSTRALIA),
BNP PARIBAS SA (AUSTRALIA),
BNP PARIBAS SA (AUSTRALIA),
BNP PARIBAS SA (AUSTRALIA),
BNP PARIBAS SA (AUSTRALIA),
BNP PARIBAS SA (AUSTRALIA),
COMMONWEALTH BANK OF AUSTRALIA,
HSBC,
NATIONAL AUSTRALIA BANK LIMITED,
WESTPAC BANKING CORPORATION,
Sub Total,
ABA TRUST 2023-1,
AFG 2022-2 TRUST,
AFG 2023-1 TRUST,
AGI FINANCE PTY LTD,
AIRSERVICES AUSTRALIA,
AMP BANK LTD,
AMP LTD,
AMPOL LTD,
ANZ HOLDINGS (NEW ZEALAND) LTD,
APOLLO SERIES 2018-1 TRUST,
APOLLO SERIES 2023-1 TRUST,
APOLLO SERIES 2024-1 TRUST,
AQUASURE FINANCE PTY LTD,
ASX LTD,
AUCKLAND INTERNATIONAL AIRPORT LTD,
AUSGRID FINANCE PTY LTD,
AUSNET SERVICES HOLDINGS PTY LTD,
AUSTRALIA AND NEW ZEALAND BANKING GROUP LTD,
AUSTRALIA PACIFIC AIRPORTS (MELBOURNE) PTY LTD,
"AUSTRALIA, COMMONWEALTH OF (GOVERNMENT)",
AUSTRALIAN ENERGY MARKET OPERATOR LTD,
AUSTRALIAN GAS NETWORKS LTD,
AUSTRALIAN POSTAL CORP,
AUSTRALIAN PRIME PROPERTY FUND COMMERCIAL,
AUSTRALIAN UNITY FUNDS MANAGEMENT LTD,
"AUSTRALIAN, CAPITAL TERRITORY OF",
AUSWIDE BANK LTD,
BANCO SANTANDER SA,
BANK AUSTRALIA LTD,
BANK OF QUEENSLAND LTD,
BANQUE FEDERATIVE DU CREDIT MUTUEL SA,
BARCLAYS PLC,
BENDIGO AND ADELAIDE BANK LIMITED,
BNP PARIBAS SA,
BPCE SA,
CHARTER HALL EXCHANGE FINANCE PTY LTD,
CHARTER HALL LWR PTY LTD,
CHC FINANCE PTY LTD,
CHORUS LTD,
CNH INDUSTRIAL CAPITAL AUSTRALIA PTY LTD,
COLES GROUP TREASURY PTY LTD,
COMMONWEALTH BANK OF AUSTRALIA,
COMPUTERSHARE US INC,
CONNECTEAST FINANCE PTY LTD,
CONQUEST 2022-1 TRUST,
CONQUEST 2023-2 TRUST,
CONQUEST 2024-1 TRUST,
CONTACT ENERGY LTD,
COOPERATIEVE RABOBANK UA,
COOPERATIEVE RABOBANK UA (SYDNEY BRANCH),
CPIF FINANCE PTY LTD,
CREDIT AGRICOLE SA,
DBL FUNDING TRUST NO. 1 SALUTE SERIES 2024-1,
DBNGP FINANCE CO PTY LTD,
DBS BANK LTD (SYDNEY BRANCH),
DEUTSCHE BAHN FINANCE GMBH,
DEXUS WHOLESALE PROPERTY FUND,
DWPF FINANCE PTY LTD,
ELECTRANET PTY LTD,
ENBW INTERNATIONAL FINANCE BV,
ETSA UTILITIES FINANCE PTY LTD,
EXPORT-IMPORT BANK OF KOREA,
FIRSTMAC MORTGAGE FUNDING TRUST NO. 4 SERIES 2024-1,
FIRSTMAC MORTGAGE FUNDING TRUST NO. 4 SERIES 2024-4,
FIRSTMAC MORTGAGE FUNDING TRUST SERIES 20223-1,
FLINDERS PORT HOLDINGS PTY LTD,
GAIF BOND ISSUER PTY LTD,
GOLDMAN SACHS GROUP INC,
GPT RE LTD,
GPT WHOLESALE OFFICE FUND NO1,
GPT WHOLESALE SHOPPING CENTRE FUND NO 1,
GTA FINANCE COMPANY PTY LIMITED,
HARBOURVEST PARTNERS,
HEATHROW FUNDING LTD,
HONGKONG AND SHANGHAI BANKING CORPORATION LTD (SYDNEY BRANCH),
HSBC HOLDINGS PLC,
ICPF FINANCE PTY LTD,
ILLAWARRA SERIES 2017-1 RMBS TRUST,
ING BANK (AUSTRALIA) LTD,
JOHN DEERE FINANCIAL LTD,
KINGFISHER TRUST 2016-1,
KIWIBANK LTD,
KOREA HOUSING FINANCE CORP,
LIGHT TRUST 2019-1,
LIGHT TRUST 2023-1,
LIGHT TRUST 2024-1,
LION SERIES 2024-1 TRUST,
LLITST FINANCE PTY LTD,
LLOYDS BANKING GROUP PLC,
LONSDALE FINANCE PTY LTD,
MACQUARIE BANK LTD,
MEDALLION TRUST SERIES 2019-1,
MEDALLION TRUST SERIES 2023-2,
MIRVAC GROUP FINANCE LTD,
MIZUHO BANK LTD (SYDNEY BRANCH),
MIZUHO FINANCIAL GROUP INC,
MORTGAGE HOUSE RMBS PRIME SERIES 2024-2,
MORTGAGE HOUSE RMBS SERIES 2022-2,
MPF DELAWARE 1 LTD,
MPF GENERAL PARTNER,
NATIONAL AUSTRALIA BANK LIMITED,
NATIONAL RMBS TRUST 2018-1,
NATIONAL RMBS TRUST 2022-1,
NATIONAL RMBS TRUST 2024-1,
NATIONWIDE BUILDING SOCIETY,
NATWEST MARKETS PLC,
NBN CO LTD,
NETWORK FINANCE COMPANY PTY LIMITED,
NEW SOUTH WALES TREASURY CORP,
NEW TERMINAL FINANCING COMPANY PTY LTD,
NEXTERA ENERGY CAPITAL HOLDINGS INC,
NORFINA LTD,
NORTHERN TERRITORY TREASURY CORP,
NSW ELECTRICITY NETWORKS FINANCE PTY LTD,
NSW PORTS FINANCE CO PTY LTD,
PERTH AIRPORT PTY LTD,
PROGRESS 2021-1 TRUST,
PROGRESS 2023-2 TRUST,
PROGRESS 2024-2 TRUST,
PUMA SERIES 2023-1,
QIC FINANCE (TOWN CENTRE FUND) PTY LTD,
QPH FINANCE CO PTY LTD,
QUBE HOLDINGS LTD,
QUEENSLAND TREASURY CORP,
REGION RE LTD,
REGISTRY FINANCE PTY LTD,
ROYAL BANK OF CANADA,
SCENTRE GROUP TRUST 1,
SERIES 2017-1 HARVEY TRUST,
SERIES 2018-1 REDS TRUST,
SERIES 2023-1 REDS TRUST,
SERIES 2024-1 REDS TRUST,
SERIES 2024-2 WST TRUST,
SGSP (AUSTRALIA) ASSETS PTY LTD,
SMHL SERIES SECURITISATION FUND 2019-1,
SOCIETE GENERALE SA,
SOUTH AUSTRALIAN GOVERNMENT FINANCING AUTHORITY,
SPARK FINANCE LTD,
STOCKLAND TRUST MANAGEMENT LTD,
SUNCORP-METWAY LTD,
SYDNEY AIRPORT ALLIANCE,
TASMANIAN PUBLIC FINANCE CORP,
TEACHERS MUTUAL BANK LTD,
TELSTRA GROUP LTD,
TORONTO-DOMINION BANK,
TORRENS SERIES 2021-1 TRUST,
TRANSPOWER NEW ZEALAND LTD,
TRANSURBAN QUEENSLAND FINANCE PTY LTD,
TREASURY CORPORATION OF VICTORIA,
TRITON BOND TRUST 2021-2,
TRITON BOND TRUST 2023-1,
TRITON BOND TRUST 2024-1,
TRITON BOND TRUST 2024-3,
UBS AG (SYDNEY BRANCH),
UNITED ENERGY DISTRIBUTION PTY LTD,
VANTAGE TOWERS AG,
VERIZON COMMUNICATIONS INC,
VICINITY CENTRES RE LTD,
VICINITY CENTRES TRUST,
VICTORIA POWER NETWORKS (FINANCE) PTY LTD,
WELLS FARGO & CO,
WESFARMERS LTD,
WESTCONNEX FINANCE COMPANY PTY LTD,
WESTERN AUSTRALIAN TREASURY CORP,
WESTPAC BANKING CORPORATION,
WOOLWORTHS GROUP LTD,
WSO FINANCE PTY LTD,
Sub Total,
COOLABAH CAPITAL INSTITUTIONAL INVESTMENTS PTY LIMITED,
FIRST SENTIER INVESTORS (AUSTRALIA) IM LIMITED,
MANULIFE INVESTMENT MANAGEMENT,
JAMIESON COOTE BONDS PTY LTD,
MACQUARIE INVESTMENT MANAGEMENT GLOBAL LIMITED,
MORGAN STANLEY INVESTMENT MANAGEMENT (AUSTRALIA) PTY LIMITED,
PERENNIAL,
"PGIM, INC.",
Sub Total,
Sub Total,
AIR LIQUIDE PRIME FIDELITE,
AMBERSIDE LP,
ASTARTE SILVIPAR 2 LP,
ASTARTE SPECIAL OPPORTUNITIES PLATFORM,
AVZ MINERALS LTD,
LEICHHARDT COAL,
LENDI,
PARTNERS GROUP WANGAL LP,
PAX LABS INC,
TELUS CORP NON-CANADIAN,
TESS UNISUPER INTERNATIONAL CREDIT TRUST,
FITZWALTER CAPITAL PARTNERS II LP,
VANTAGE TOWERS,
PRP DIAGNOSTIC IMAGING,
GB DEUTSCHKAND FUND,
GLOBAL ENVIRONMENT EMERGING MARKETS FUND III,
APAX EUROPE VII SIDE CAR 2,
VICROADS,
Sub Total,
MANULIFE INVESTMENT MANAGEMENT,
IFM INVESTORS PTY LIMITED,
LENNOX CAPITAL PARTNERS PTY LTD,
PENDAL FUND SERVICES LIMITED,
PERENNIAL,
QUEST ASSET PARTNERS PTY LTD,
REGAL FUNDS MANAGEMENT PTY LTD,
T. ROWE PRICE AUSTRALIA LIMITED,
Sub Total,
Sub Total,
BURRAH PARK INDUSTRIAL TRUST,
CAWLEY ROAD INDUSTRIAL TRUST,
CLEARBELL CAPITAL II LLP,
CLEARBELL CAPITAL III LLP,
DEER PARK INDUSTRIAL TRUST,
DEXUS WHOLESALE PROPERTY FUND,
DEXUS WHOLESALE SHOPPING CENTRE FUND,
UNSW HEALTH TRANSLATION HUB,
QIC AUSTRALIA CORE PLUS FUND,
QUARRY ESTATE TRUST,
REAL ESTATE CAPITAL ASIA PARTNERS IV LP,
REAL ESTATE CAPITAL ASIA PARTNERS V LP,
TRUGANINA ESTATE TRUST,
VASTNED RETAIL NV,
Sub Total,
MIRVAC FUNDS MANAGEMENT AUSTRALIA LIMITED,
DEXUS CAPITAL INVESTORS LIMITED,
GOODMAN AUSTRALIA INDUSTRIAL PARTNERS,
THE GPT GROUP,
ISPT,
LENDLEASE,
Sub Total,
Sub Total,
ADELAIDE AIRPORT,
ICG AUSTRALIAN RENEWABLE INCOME FUND,
ICG ENERGY INFRASTRUCTURE TRUST,
THE INFRASTRUCTURE FUND,
I SQUARED CAPITAL GLOBAL INFRASTRUCTURE FUND I,
IFM AUSTRALIAN INFRASTRUCTURE FUND,
IFM GLOBAL INFRASTRUCTURE FUND,
AIRPORT MOTORWAY - EASTERN DISTRIBUTOR SYDNEY,
PALISADE AUSTRALIAN SOCIAL INFRASTRUCTURE FUND,
PALISADE DIVERSIFIED INFRASTRUCTURE FUND,
VICTORIAN COMPREHENSIVE CANCER CENTRE,
SYDNEY AIRPORT,
TASMANIAN FOREST TRUST,
TRANSURBAN CHESAPEAKE,
MACQUARIE GREEN ENERGY CLIMATE OPPORTUNITIES FUND,
VICROADS,
AQUASURE HOLDINGS,
Sub Total,
FIRST SENTIER INVESTORS (AUSTRALIA) IM LIMITED,
MANULIFE INVESTMENT MANAGEMENT,
MACQUARIE ASSET MANAGEMENT,
Sub Total,
Sub Total,
FIDERA DISTRESSED ASSET FUND,
Sub Total,
Sub Total,
