Option Name,Asset Class Name,Name/Kind of Investment Item,Stock ID,ID_Type,Listed Country,Exchange Code,Ticker,Yahoo Ticker
Balanced growth,Listed Equity,29METALS LTD COMMON STOCK AUD,BNNVRL0,SEDOL,Australia,AU,29M,
Balanced growth,Listed Equity,3I GROUP PLC COMMON STOCK GBP 73.8636,B1YW440,SEDOL,United Kingdom,LN,III,
Balanced growth,Listed Equity,A2 MILK CO LTD/THE COMMON STOCK NZD 0,2F5232S,SEDOL,,,,
Balanced growth,Listed Equity,ABB INDIA LTD COMMON STOCK INR 2,B1Y9QS9,SEDOL,India,IN,ABB,
Balanced growth,Listed Equity,ABB LTD COMMON STOCK CHF 0.12,7108899,SEDOL,Switzerland,SW,ABBN,
Balanced growth,Listed Equity,ABBOTT LABORATORIES COMMON STOCK USD 0,2002305,SEDOL,United States,US,ABT,
Balanced growth,Listed Equity,ABBVIE INC COMMON STOCK USD 0.01,B92SR70,SEDOL,United States,US,ABBV,
Balanced growth,Listed Equity,ACCENT GROUP LTD COMMON STOCK AUD 0,BD20RS5,SEDOL,Australia,AU,AX1,
Balanced growth,Listed Equity,ACCENTURE PLC COMMON STOCK USD 0.0000225,B4BNMY3,SEDOL,United States,US,ACN,
Balanced growth,Listed Equity,ACS ACTIVIDADES DE CONSTRUCCION Y SERVICIOS SA,B01FLQ6,SEDOL,Spain,SM,ACS,
Balanced growth,Listed Equity,ADAIRS LTD COMMON STOCK AUD,BYYT7Q5,SEDOL,Australia,AU,ADH,
Balanced growth,Listed Equity,ADOBE INC COMMON STOCK USD 0.0001,2008154,SEDOL,United States,US,ADBE,
Balanced growth,Listed Equity,ADVANCED MICRO DEVICES INC COMMON STOCK USD 0.01,2007849,SEDOL,United States,US,AMD,
Balanced growth,Listed Equity,ADVANTEST CORP COMMON STOCK JPY,6870490,SEDOL,Japan,JP,6857,
Balanced growth,Listed Equity,ADYEN NV COMMON STOCK EUR 0.01,BZ1HM42,SEDOL,Netherlands,NA,ADYEN,
Balanced growth,Listed Equity,AERCAP HOLDINGS NV COMMON STOCK USD 0.01,B1HHKD3,SEDOL,United States,US,AER,
Balanced growth,Listed Equity,AFLAC INC COMMON STOCK USD 0.1,2026361,SEDOL,United States,US,AFL,
Balanced growth,Listed Equity,AGEAS SA/NV COMMON STOCK EUR 0,B86S2N0,SEDOL,United Kingdom,IX,AGSB,
Balanced growth,Listed Equity,AGILENT TECHNOLOGIES INC COMMON STOCK USD 0.01,2520153,SEDOL,United States,US,A,
Balanced growth,Listed Equity,AGNICO EAGLE MINES LTD COMMON STOCK CAD 0,2009823,SEDOL,Canada,CN,AEM,
Balanced growth,Listed Equity,AIA GROUP LTD COMMON STOCK HKD 0,B4TX8S1,SEDOL,Hong Kong,HK,1299,
Balanced growth,Listed Equity,AIB GROUP PLC COMMON STOCK EUR 0.625,BF0L353,SEDOL,Ireland,ID,AIBG,
Balanced growth,Listed Equity,AIR CANADA COMMON STOCK CAD 0,BSDHYK1,SEDOL,Canada,CN,AC,
Balanced growth,Listed Equity,AIRBUS SE COMMON STOCK EUR 1,4012250,SEDOL,France,FP,AIR,
Balanced growth,Listed Equity,AKBANK TAS COMMON STOCK TRY 1,B03MN70,SEDOL,Turkey,TI,AKBNK,
Balanced growth,Listed Equity,AL RAJHI BANK COMMON STOCK SAR 10,B12LZH9,SEDOL,Saudi Arabia,AB,RJHI,
Balanced growth,Listed Equity,ALDAR PROPERTIES PJSC COMMON STOCK AED 1,B0LX3Y2,SEDOL,United Arab Emirates,UH,ALDAR,
Balanced growth,Listed Equity,ALIBABA GROUP HOLDING LTD ADR USD 0.000025,BP41ZD1,SEDOL,United States,US,BABA,
Balanced growth,Listed Equity,ALIBABA GROUP HOLDING LTD COMMON STOCK HKD,BK6YZP5,SEDOL,Hong Kong,HK,9988,
Balanced growth,Listed Equity,ALLEGION PLC COMMON STOCK USD 0.01,BFRT3W7,SEDOL,United States,US,ALLE,
Balanced growth,Listed Equity,ALLIANZ SE COMMON STOCK EUR 0,5231485,SEDOL,Germany,GR,ALV,
Balanced growth,Listed Equity,ALPHABET INC COMMON STOCK USD 0.001,BYVY8G0,SEDOL,United States,US,GOOGL,
Balanced growth,Listed Equity,ALPHABET INC COMMON STOCK USD 0.001,BYY88Y7,SEDOL,United States,US,GOOG,
Balanced growth,Listed Equity,ALS LTD COMMON STOCK AUD 0,B86SZR5,SEDOL,Australia,AU,ALQ,
Balanced growth,Listed Equity,AMADEUS IT GROUP SA COMMON STOCK EUR 0.01,B3MSM28,SEDOL,Spain,SM,AMS,
Balanced growth,Listed Equity,AMAZON.COM INC COMMON STOCK USD 0.01,2000019,SEDOL,United States,US,AMZN,
Balanced growth,Listed Equity,AMCOR PLC CDI AUD 0,3F0936S,SEDOL,,,,
Balanced growth,Listed Equity,AMCOR PLC COMMON STOCK USD 0.01,BJ1F307,SEDOL,United States,US,AMCR,
Balanced growth,Listed Equity,AMERICAN EXPRESS CO COMMON STOCK USD 0.2,2026082,SEDOL,United States,US,AXP,
Balanced growth,Listed Equity,AMERICAN INTERNATIONAL GROUP INC COMMON STOCK USD,2027342,SEDOL,United States,US,AIG,
Balanced growth,Listed Equity,AMERICANA RESTAURANTS INTERNATIONAL PLC COMMON,BP4X2F8,SEDOL,Saudi Arabia,AB,AMERICAN,
Balanced growth,Listed Equity,AMERIPRISE FINANCIAL INC COMMON STOCK USD 0.01,B0J7D57,SEDOL,United States,US,AMP,
Balanced growth,Listed Equity,AMGEN INC COMMON STOCK USD 0.0001,2023607,SEDOL,United States,US,AMGN,
Balanced growth,Listed Equity,AMOTIV LTD COMMON STOCK AUD 0,BQH8HH4,SEDOL,Australia,AU,AOV,
Balanced growth,Listed Equity,AMP LTD COMMON STOCK AUD 0,6709958,SEDOL,Australia,AU,AMP,
Balanced growth,Listed Equity,AMPHENOL CORP COMMON STOCK USD 0.001,2145084,SEDOL,United States,US,APH,
Balanced growth,Listed Equity,AMPOL LTD COMMON STOCK AUD 0,BM91201,SEDOL,Australia,AU,ALD,
Balanced growth,Listed Equity,ANALOG DEVICES INC COMMON STOCK USD 0.167,2032067,SEDOL,United States,US,ADI,
Balanced growth,Listed Equity,ANSELL LTD COMMON STOCK AUD 0,3F0097S,SEDOL,,,,
Balanced growth,Listed Equity,ANTA SPORTS PRODUCTS LTD COMMON STOCK HKD 0.1,B1YVKN8,SEDOL,Hong Kong,HK,2020,
Balanced growth,Listed Equity,ANZ GROUP HOLDINGS LTD COMMON STOCK AUD 0,6065586,SEDOL,Australia,AU,ANZ,
Balanced growth,Listed Equity,APOLLO GLOBAL MANAGEMENT INC COMMON STOCK USD,BN44JF6,SEDOL,United States,US,APO,
Balanced growth,Listed Equity,APOLLO HOSPITALS ENTERPRISE LTD COMMON STOCK INR 5,6273583,SEDOL,India,IN,APHS,
Balanced growth,Listed Equity,APPEN LTD COMMON STOCK AUD 0,BTPJH25,SEDOL,Australia,AU,APX,
Balanced growth,Listed Equity,APPLE INC COMMON STOCK USD 0.00001,2046251,SEDOL,United States,US,AAPL,
Balanced growth,Listed Equity,APPLIED MATERIALS INC COMMON STOCK USD 0.01,2046552,SEDOL,United States,US,AMAT,
Balanced growth,Listed Equity,APPLOVIN CORP COMMON STOCK USD 0.00003,BMV3LG4,SEDOL,United States,US,APP,
Balanced growth,Listed Equity,ARAB NATIONAL BANK COMMON STOCK SAR 10,B12LZK2,SEDOL,Saudi Arabia,AB,ARNB,
Balanced growth,Listed Equity,ARB CORP LTD COMMON STOCK AUD 0,BWV03W5,SEDOL,Australia,AU,ARB,
Balanced growth,Listed Equity,ARCA CONTINENTAL SAB DE CV COMMON STOCK MXN 0,2823885,SEDOL,Mexico,MM,AC*,
Balanced growth,Listed Equity,ARISTOCRAT LEISURE LTD,6253983,SEDOL,Australia,AU,ALL,
Balanced growth,Listed Equity,ASAHI KASEI CORP COMMON STOCK JPY,6054603,SEDOL,Japan,JP,3407,
Balanced growth,Listed Equity,ASIAN PAINTS LTD COMMON STOCK INR 1,BCRWL65,SEDOL,India,IN,APNT,
Balanced growth,Listed Equity,ASICS CORP COMMON STOCK JPY,6057378,SEDOL,Japan,JP,7936,
Balanced growth,Listed Equity,ASML HOLDING NV COMMON STOCK EUR 0.09,B929F46,SEDOL,Netherlands,NA,ASML,
Balanced growth,Listed Equity,ASML HOLDING NV NY REG SHRS USD 0.09,B908F01,SEDOL,United States,US,ASML,
Balanced growth,Listed Equity,ASTELLAS PHARMA INC COMMON STOCK JPY,6985383,SEDOL,Japan,JP,4503,
Balanced growth,Listed Equity,ASTRAZENECA PLC ADR USD,2989044,SEDOL,United States,US,AZN,
Balanced growth,Listed Equity,ASTRAZENECA PLC COMMON STOCK GBP 0.25,989529,SEDOL,United Kingdom,LN,AZN,
Balanced growth,Listed Equity,ASUSTEK COMPUTER INC COMMON STOCK TWD 10,6051046,SEDOL,Taiwan,TT (Taiwan Stock Exchange),2357,
Balanced growth,Listed Equity,ASX LTD COMMON STOCK AUD 0,6129222,SEDOL,Australia,AU,ASX,
Balanced growth,Listed Equity,AT&T INC COMMON STOCK USD 1,2831811,SEDOL,United States,US,T,
Balanced growth,Listed Equity,ATLASSIAN CORP COMMON STOCK USD 0.00001,BQ1PC76,SEDOL,United States,US,TEAM,
Balanced growth,Listed Equity,AUB GROUP LTD COMMON STOCK AUD 0,B0MBNC3,SEDOL,Australia,AU,AUB,
Balanced growth,Listed Equity,AUCKLAND INTERNATIONAL AIRPORT LTD COMMON STOCK,3F0911S,SEDOL,,,,
Balanced growth,Listed Equity,AURELIA METALS LTD COMMON STOCK AUD 0,BN790Y4,SEDOL,Australia,AU,AMI,
Balanced growth,Listed Equity,AURIZON HOLDINGS LTD COMMON STOCK AUD,B87CVM3,SEDOL,Australia,AU,AZJ,
Balanced growth,Listed Equity,AUSSIE BROADBAND LTD COMMON STOCK AUD,BM8HZC3,SEDOL,Australia,AU,ABB,
Balanced growth,Listed Equity,AUSTAL LTD COMMON STOCK AUD 0,6137162,SEDOL,Australia,AU,ASB,
Balanced growth,Listed Equity,AUSTIN ENGINEERING LTD COMMON STOCK AUD 0,6710615,SEDOL,Australia,AU,ANG,
Balanced growth,Listed Equity,AUSTRALIAN CLINICAL LABS LTD COMMON STOCK AUD,BMWLLJ0,SEDOL,Australia,AU,ACL,
Balanced growth,Listed Equity,AUSTRALIAN FINANCE GROUP LTD COMMON STOCK AUD,BY4K6K5,SEDOL,Australia,AU,AFG,
Balanced growth,Listed Equity,AUSWIDE BANK LTD COMMON STOCK AUD 0,BWCHB54,SEDOL,,,,
Balanced growth,Listed Equity,AUTOMATIC DATA PROCESSING INC COMMON STOCK USD 0.1,2065308,SEDOL,United States,US,ADP,
Balanced growth,Listed Equity,AUTOSPORTS GROUP LTD COMMON STOCK AUD,BZBHBJ0,SEDOL,Australia,AU,ASG,
Balanced growth,Listed Equity,AVENUE SUPERMARTS LTD COMMON STOCK INR 10,BYW1G33,SEDOL,India,IN,DMART,
Balanced growth,Listed Equity,AVERY DENNISON CORP COMMON STOCK USD 1,2066408,SEDOL,United States,US,AVY,
Balanced growth,Listed Equity,AVIVA PLC COMMON STOCK GBP 32.89474,BPQY8M8,SEDOL,United Kingdom,LN,AV/,
Balanced growth,Listed Equity,AXA SA COMMON STOCK EUR 2.29,7088429,SEDOL,France,FP,CS,
Balanced growth,Listed Equity,BABY BUNTING GROUP LTD COMMON STOCK AUD,BYRJS58,SEDOL,Australia,AU,BBN,
Balanced growth,Listed Equity,BAE SYSTEMS PLC,263494,SEDOL,United Kingdom,LN,BA/,
Balanced growth,Listed Equity,BAJAJ AUTO LTD COMMON STOCK INR 10,B2QKXW0,SEDOL,India,IN,BJAUT,
Balanced growth,Listed Equity,BAJAJ FINANCE LTD COMMON STOCK INR 2,BD2N0P2,SEDOL,,,,
Balanced growth,Listed Equity,BAKER HUGHES CO COMMON STOCK USD 0.0001,BDHLTQ5,SEDOL,United States,US,BKR,
Balanced growth,Listed Equity,BANCO BILBAO VIZCAYA ARGENTARIA SA COMMON STOCK,5501906,SEDOL,Spain,SM,BBVA,
Balanced growth,Listed Equity,BANCOLOMBIA SA PREFERENCE COP 500,BJ62LW1,SEDOL,,,,
Balanced growth,Listed Equity,BANDAI NAMCO HOLDINGS INC COMMON STOCK JPY,B0JDQD4,SEDOL,Japan,JP,7832,
Balanced growth,Listed Equity,BANK CENTRAL ASIA TBK PT COMMON STOCK IDR 12.5,B01C1P6,SEDOL,Indonesia,IJ,BBCA,
Balanced growth,Listed Equity,BANK LEUMI LE-ISRAEL BM COMMON STOCK ILS 0.1,6076425,SEDOL,Israel,IT,LUMI,
Balanced growth,Listed Equity,BANK MANDIRI PERSERO TBK PT COMMON STOCK IDR 125,6651048,SEDOL,Indonesia,IJ,BMRI,
Balanced growth,Listed Equity,BANK OF AMERICA CORP COMMON STOCK USD 0.01,2295677,SEDOL,United States,US,BAC,
Balanced growth,Listed Equity,BANK OF NEW YORK MELLON CORP/THE COMMON STOCK USD,B1Z77F6,SEDOL,United States,US,BK,
Balanced growth,Listed Equity,BANK OF QUEENSLAND LTD COMMON STOCK AUD 0,6076243,SEDOL,Australia,AU,BOQ,
Balanced growth,Listed Equity,BANK POLSKA KASA OPIEKI SA COMMON STOCK PLN 1,5473113,SEDOL,Poland,PW,PEO,
Balanced growth,Listed Equity,BANK RAKYAT INDONESIA PERSERO TBK PT COMMON STOCK,6709099,SEDOL,Indonesia,IJ,BBRI,
Balanced growth,Listed Equity,BAPCOR LTD COMMON STOCK AUD 0,BLD2CY7,SEDOL,Australia,AU,BAP,
Balanced growth,Listed Equity,BARCLAYS PLC COMMON STOCK GBP 25,3134865,SEDOL,United Kingdom,LN,BARC,
Balanced growth,Listed Equity,BAYERISCHE MOTOREN WERKE AG COMMON STOCK EUR 1,5756029,SEDOL,Germany,GR,BMW,
Balanced growth,Listed Equity,BEACON LIGHTING GROUP LTD COMMON STOCK AUD 0,BKXF175,SEDOL,Australia,AU,BLX,
Balanced growth,Listed Equity,BECTON DICKINSON & CO COMMON STOCK USD 1,2087807,SEDOL,United States,US,BDX,
Balanced growth,Listed Equity,BEGA CHEESE LTD COMMON STOCK AUD 0,B56CQJ5,SEDOL,Australia,AU,BGA,
Balanced growth,Listed Equity,BEIGENE LTD ADR USD 0.0001,BYYWPW6,SEDOL,United States,US,ONC,
Balanced growth,Listed Equity,BEIJING ORIENTAL YUHONG WATERPROOF TECHNOLOGY CO,BD5CFP1,SEDOL,China,C2,002271,
Balanced growth,Listed Equity,BENDIGO & ADELAIDE BANK LTD COMMON STOCK AUD 0,6091280,SEDOL,Australia,AU,BEN,
Balanced growth,Listed Equity,BERKSHIRE HATHAWAY INC COMMON STOCK USD 0.0033,2073390,SEDOL,United States,US,BRK/B,
Balanced growth,Listed Equity,BEST BUY CO INC COMMON STOCK USD 0.1,2094670,SEDOL,United States,US,BBY,
Balanced growth,Listed Equity,BHARAT PETROLEUM CORP LTD COMMON STOCK INR 10,6099723,SEDOL,India,IN,BPCL,
Balanced growth,Listed Equity,BHP GROUP LTD COMMON STOCK AUD 0,0F8798S,SEDOL,,,,
Balanced growth,Listed Equity,BILIBILI INC COMMON STOCK HKD 0.0001,BLF8533,SEDOL,Hong Kong,HK,9626,
Balanced growth,Listed Equity,BIONTECH SE ADR USD,BK6H543,SEDOL,United States,US,BNTX,
Balanced growth,Listed Equity,BLACKROCK INC COMMON STOCK USD 0.01,BMZBBT7,SEDOL,United States,US,BLK,
Balanced growth,Listed Equity,BLOCK INC CDI AUD,BMHJ8W1,SEDOL,,,,
Balanced growth,Listed Equity,BLOCK INC COMMON STOCK USD 0.000001,BYNZGK1,SEDOL,United States,US,XYZ,
Balanced growth,Listed Equity,BLUESCOPE STEEL LTD COMMON STOCK AUD 0,6533232,SEDOL,Australia,AU,BSL,
Balanced growth,Listed Equity,BNP PARIBAS SA COMMON STOCK EUR 2,7309681,SEDOL,France,FP,BNP,
Balanced growth,Listed Equity,BOC HONG KONG HOLDINGS LTD COMMON STOCK HKD 0,6536112,SEDOL,Hong Kong,HK,2388,
Balanced growth,Listed Equity,BOLIDEN AB COMMON STOCK SEK 2.11,BPYTZ57,SEDOL,Sweden,SS,BOL,
Balanced growth,Listed Equity,BOOKING HOLDINGS INC COMMON STOCK USD 0.008,BDRXDB4,SEDOL,United States,US,BKNG,
Balanced growth,Listed Equity,BOOZ ALLEN HAMILTON HOLDING CORP COMMON STOCK USD,B5367T7,SEDOL,United States,US,BAH,
Balanced growth,Listed Equity,BOSIDENG INTERNATIONAL HOLDINGS LTD COMMON STOCK,B24FZ32,SEDOL,Hong Kong,HK,3998,
Balanced growth,Listed Equity,BOSTON SCIENTIFIC CORP COMMON STOCK USD 0.01,2113434,SEDOL,United States,US,BSX,
Balanced growth,Listed Equity,BPER BANCA SPA COMMON STOCK EUR 0,4116099,SEDOL,Italy,IM,BPE,
Balanced growth,Listed Equity,BRAMBLES LTD COMMON STOCK AUD 0,X71FD49,SEDOL,,,,
Balanced growth,Listed Equity,BRAVURA SOLUTIONS LTD COMMON STOCK AUD,BZBHBM3,SEDOL,Australia,AU,BVS,
Balanced growth,Listed Equity,BREVILLE GROUP LTD COMMON STOCK AUD 0,6158709,SEDOL,Australia,AU,BRG,
Balanced growth,Listed Equity,BRISTOL-MYERS SQUIBB CO COMMON STOCK USD 0.1,2126335,SEDOL,United States,US,BMY,
Balanced growth,Listed Equity,BRITANNIA INDUSTRIES LTD COMMON STOCK INR 1,BGSQG47,SEDOL,India,IN,BRIT,
Balanced growth,Listed Equity,BROADCOM INC COMMON STOCK USD,BDZ78H9,SEDOL,United States,US,AVGO,
Balanced growth,Listed Equity,BROADRIDGE FINANCIAL SOLUTIONS INC COMMON STOCK,B1VP7R6,SEDOL,United States,US,BR,
Balanced growth,Listed Equity,BYD CO LTD COMMON STOCK HKD 1,6536651,SEDOL,Hong Kong,HK,1211,
Balanced growth,Listed Equity,CANADIAN IMPERIAL BANK OF COMMERCE COMMON STOCK,2170525,SEDOL,Canada,CN,CM,
Balanced growth,Listed Equity,CANADIAN TIRE CORP LTD COMMON STOCK CAD 0,2172286,SEDOL,Canada,CN,CTC/A,
Balanced growth,Listed Equity,CANON INC COMMON STOCK JPY,6172323,SEDOL,Japan,JP,7751,
Balanced growth,Listed Equity,CAPITAL ONE FINANCIAL CORP COMMON STOCK USD 0.01,2654461,SEDOL,United States,US,COF,
Balanced growth,Listed Equity,CAPRICORN METALS LTD COMMON STOCK AUD,BDD98W2,SEDOL,Australia,AU,CMM,
Balanced growth,Listed Equity,CAR GROUP LTD COMMON STOCK AUD,BW0BGZ3,SEDOL,Australia,AU,CAR,
Balanced growth,Listed Equity,CARDINAL HEALTH INC COMMON STOCK USD 0,2175672,SEDOL,United States,US,CAH,
Balanced growth,Listed Equity,CARLISLE COS INC COMMON STOCK USD 1,2176318,SEDOL,United States,US,CSL,
Balanced growth,Listed Equity,CARLSBERG AS COMMON STOCK DKK 20,4169219,SEDOL,Denmark,DC,CARLB,
Balanced growth,Listed Equity,CARLYLE GROUP INC/THE COMMON STOCK USD 1,BKRTG56,SEDOL,United States,US,CG,
Balanced growth,Listed Equity,CARNIVAL CORP COMMON STOCK USD 0.01,2523044,SEDOL,United States,US,CCL,
Balanced growth,Listed Equity,CATERPILLAR INC COMMON STOCK USD 1,2180201,SEDOL,United States,US,CAT,
Balanced growth,Listed Equity,CATHAY FINANCIAL HOLDING CO LTD COMMON STOCK TWD,6425663,SEDOL,Taiwan,TT (Taiwan Stock Exchange),2882,
Balanced growth,Listed Equity,CBOE GLOBAL MARKETS INC COMMON STOCK USD,B5834C5,SEDOL,United States,US,CBOE,
Balanced growth,Listed Equity,CBRE GROUP INC COMMON STOCK USD 0.01,B6WVMH3,SEDOL,United States,US,CBRE,
Balanced growth,Listed Equity,CCL INDUSTRIES INC COMMON STOCK CAD 0,2159795,SEDOL,Canada,CN,CCL/B,
Balanced growth,Listed Equity,CEDAR WOODS PROPERTIES LTD COMMON STOCK AUD 0,6182281,SEDOL,Australia,AU,CWP,
Balanced growth,Listed Equity,CENCOSUD SA COMMON STOCK CLP 0,B00R3L2,SEDOL,Chile,CI,CENCOSUD,
Balanced growth,Listed Equity,CENTENE CORP COMMON STOCK USD 0.001,2807061,SEDOL,United States,US,CNC,
Balanced growth,Listed Equity,CENTRICA PLC COMMON STOCK GBP 6.1728,B033F22,SEDOL,United Kingdom,LN,CNA,
Balanced growth,Listed Equity,CGN POWER CO LTD COMMON STOCK CNY 1,BKT6GZ5,SEDOL,China,C2,003816,
Balanced growth,Listed Equity,CGN POWER CO LTD COMMON STOCK HKD 1,BSBMM04,SEDOL,Hong Kong,HK,1816,
Balanced growth,Listed Equity,CHALLENGER LTD COMMON STOCK AUD 0,6726300,SEDOL,Australia,AU,CGF,
Balanced growth,Listed Equity,CHAMPION IRON LTD COMMON STOCK AUD 0,BLD1SB3,SEDOL,Australia,AU,CIA,
Balanced growth,Listed Equity,CHARTWELL RETIREMENT RESIDENCES UNIT,B8S8C94,SEDOL,Canada,CN,CSH-U,
Balanced growth,Listed Equity,CHEVRON CORP COMMON STOCK USD 0.75,2838555,SEDOL,United States,US,CVX,
Balanced growth,Listed Equity,CHINA CONSTRUCTION BANK CORP COMMON STOCK HKD 1,B0LMTQ3,SEDOL,Hong Kong,HK,939,
Balanced growth,Listed Equity,CHINA FEIHE LTD COMMON STOCK HKD 0.000000025,BK0SBL1,SEDOL,Hong Kong,HK,6186,
Balanced growth,Listed Equity,CHINA MERCHANTS BANK CO LTD COMMON STOCK HKD 1,B1DYPZ5,SEDOL,Hong Kong,HK,3968,
Balanced growth,Listed Equity,CHINA MOLYBDENUM CO LTD,B1VRCG6,SEDOL,Hong Kong,HK,3993,
Balanced growth,Listed Equity,CHINA OVERSEAS LAND & INVESTMENT LTD COMMON STOCK,6192150,SEDOL,Hong Kong,HK,688,
Balanced growth,Listed Equity,CHINA RESOURCES GAS GROUP LTD COMMON STOCK HKD 0.1,6535517,SEDOL,Hong Kong,HK,1193,
Balanced growth,Listed Equity,CHINA RESOURCES LAND LTD COMMON STOCK HKD 0.1,6193766,SEDOL,Hong Kong,HK,1109,
Balanced growth,Listed Equity,CHIPOTLE MEXICAN GRILL INC COMMON STOCK USD 0.01,B0X7DZ3,SEDOL,United States,US,CMG,
Balanced growth,Listed Equity,CHOCOLADEFABRIKEN LINDT & SPRUENGLI AG COMMON,5962280,SEDOL,Switzerland,SW,LISP,
Balanced growth,Listed Equity,CHOCOLADEFABRIKEN LINDT & SPRUENGLI AG COMMON,5962309,SEDOL,Switzerland,SW,LISN,
Balanced growth,Listed Equity,CHORUS LTD COMMON STOCK NZD 0,6F3448S,SEDOL,,,,
Balanced growth,Listed Equity,CHUBB LTD COMMON STOCK USD 24.15,B3BQMF6,SEDOL,United States,US,CB,
Balanced growth,Listed Equity,CHUBU ELECTRIC POWER CO INC COMMON STOCK JPY,6195609,SEDOL,Japan,JP,9502,
Balanced growth,Listed Equity,CIA ENERGETICA DE MINAS GERAIS COMMON STOCK BRL 5,B1YBRK4,SEDOL,Brazil,BZ,CMIG3,
Balanced growth,Listed Equity,CIA ENERGETICA DE MINAS GERAIS PREFERENCE BRL 5,B1YBRG0,SEDOL,Brazil,BZ,CMIG4,
Balanced growth,Listed Equity,CIA PARANAENSE DE ENERGIA - COPEL PREFERENCE BRL 0,2200154,SEDOL,Brazil,BZ,CPLE6,
Balanced growth,Listed Equity,CIE DE SAINT-GOBAIN SA COMMON STOCK EUR 4,7380482,SEDOL,France,FP,SGO,
Balanced growth,Listed Equity,CIGNA GROUP/THE COMMON STOCK USD 0.01,BHJ0775,SEDOL,United States,US,CI,
Balanced growth,Listed Equity,CIMB GROUP HOLDINGS BHD COMMON STOCK MYR 0,6075745,SEDOL,Malaysia,MK,CIMB,
Balanced growth,Listed Equity,CINCINNATI FINANCIAL CORP COMMON STOCK USD 2,2196888,SEDOL,United States,US,CINF,
Balanced growth,Listed Equity,CINTAS CORP COMMON STOCK USD 0,2197137,SEDOL,United States,US,CTAS,
Balanced growth,Listed Equity,CIPLA LTD/INDIA COMMON STOCK INR 2,B011108,SEDOL,India,IN,CIPLA,
Balanced growth,Listed Equity,CISCO SYSTEMS INC COMMON STOCK USD 0.001,2198163,SEDOL,United States,US,CSCO,
Balanced growth,Listed Equity,CITIGROUP INC COMMON STOCK USD 0.01,2297907,SEDOL,United States,US,C,
Balanced growth,Listed Equity,CITIZENS FINANCIAL GROUP INC COMMON STOCK USD 0.01,BQRX1X3,SEDOL,United States,US,CFG,
Balanced growth,Listed Equity,CK ASSET HOLDINGS LTD COMMON STOCK HKD 1,BYZQ077,SEDOL,Hong Kong,HK,1113,
Balanced growth,Listed Equity,CLEANAWAY WASTE MANAGEMENT LTD COMMON STOCK AUD 0,BYQ8KW7,SEDOL,Australia,AU,CWY,
Balanced growth,Listed Equity,CLOROX CO/THE COMMON STOCK USD 1,2204026,SEDOL,United States,US,CLX,
Balanced growth,Listed Equity,CLOUDFLARE INC COMMON STOCK USD 0.001,BJXC5M2,SEDOL,United States,US,NET,
Balanced growth,Listed Equity,CME GROUP INC COMMON STOCK USD 0.01,2965839,SEDOL,United States,US,CME,
Balanced growth,Listed Equity,CMOC GROUP LTD COMMON STOCK CNY 0.2,BP3R574,SEDOL,China,C1,603993,
Balanced growth,Listed Equity,COCA-COLA CO/THE COMMON STOCK USD 0.25,2206657,SEDOL,United States,US,KO,
Balanced growth,Listed Equity,COCA-COLA EUROPACIFIC PARTNERS PLC COMMON STOCK,BYQQ3P5,SEDOL,United States,US,CCEP,
Balanced growth,Listed Equity,COCA-COLA FEMSA SAB DE CV UNIT MXN,BHHP0S4,SEDOL,Mexico,MM,KOFUBL,
Balanced growth,Listed Equity,COCA-COLA HBC AG GBP 6.7,B9895B7,SEDOL,United Kingdom,LN,CCH,
Balanced growth,Listed Equity,COCHLEAR LTD COMMON STOCK AUD 0,6211798,SEDOL,Australia,AU,COH,
Balanced growth,Listed Equity,CODAN LTD COMMON STOCK AUD 0,6712611,SEDOL,Australia,AU,CDA,
Balanced growth,Listed Equity,COLES GROUP LTD COMMON STOCK AUD,BYWR0T5,SEDOL,Australia,AU,COL,
Balanced growth,Listed Equity,COLGATE-PALMOLIVE CO COMMON STOCK USD 1,2209106,SEDOL,United States,US,CL,
Balanced growth,Listed Equity,COLGATE-PALMOLIVE INDIA LTD COMMON STOCK INR 1,6139696,SEDOL,India,IN,CLGT,
Balanced growth,Listed Equity,COLLINS FOODS LTD COMMON STOCK AUD 0,B6QCFP1,SEDOL,Australia,AU,CKF,
Balanced growth,Listed Equity,COMCAST CORP COMMON STOCK USD 0.01,2044545,SEDOL,United States,US,CMCSA,
Balanced growth,Listed Equity,COMMERZBANK AG COMMON STOCK EUR 0,B90LKT4,SEDOL,Germany,GR,CBK,
Balanced growth,Listed Equity,COMMONWEALTH BANK OF AUSTRALIA COMMON STOCK AUD 0,6215035,SEDOL,Australia,AU,CBA,
Balanced growth,Listed Equity,COMPASS GROUP PLC COMMON STOCK GBP 11.05,BD6K457,SEDOL,United Kingdom,LN,CPG,
Balanced growth,Listed Equity,COMPUTERSHARE LTD COMMON STOCK AUD 0,6180412,SEDOL,Australia,AU,CPU,
Balanced growth,Listed Equity,CONOCOPHILLIPS COMMON STOCK USD 0.01,2685717,SEDOL,United States,US,COP,
Balanced growth,Listed Equity,CONSOLIDATED EDISON INC COMMON STOCK USD 0.1,2216850,SEDOL,United States,US,ED,
Balanced growth,Listed Equity,CONTEMPORARY AMPEREX TECHNOLOGY CO LTD COMMON,BHQPSY7,SEDOL,China,C2,300750,
Balanced growth,Listed Equity,COOPER COS INC/THE COMMON STOCK USD 0.1,BQPDXR3,SEDOL,United States,US,COO,
Balanced growth,Listed Equity,COREBRIDGE FINANCIAL INC,BMTX0G9,SEDOL,United States,US,CRBG,
Balanced growth,Listed Equity,CORTEVA INC COMMON STOCK USD 0.01,BK73B42,SEDOL,United States,US,CTVA,
Balanced growth,Listed Equity,COSTCO WHOLESALE CORP COMMON STOCK USD 0.005,2701271,SEDOL,United States,US,COST,
Balanced growth,Listed Equity,COUPANG INC COMMON STOCK USD 0.0001,BNYHDF3,SEDOL,United States,US,CPNG,
Balanced growth,Listed Equity,COWAY CO LTD COMMON STOCK KRW 500,6173401,SEDOL,South Korea,KS,021240,
Balanced growth,Listed Equity,CPFL ENERGIA SA COMMON STOCK BRL 0,B031NN3,SEDOL,Brazil,BZ,CPFE3,
Balanced growth,Listed Equity,CREDICORP LTD COMMON STOCK USD 5,2232878,SEDOL,United States,US,BAP,
Balanced growth,Listed Equity,CREDIT CORP GROUP LTD COMMON STOCK AUD 0,6287658,SEDOL,Australia,AU,CCP,
Balanced growth,Listed Equity,CSL LTD COMMON STOCK AUD 0,3F0908S,SEDOL,,,,
Balanced growth,Listed Equity,CTBC FINANCIAL HOLDING CO LTD COMMON STOCK TWD 10,6527666,SEDOL,Taiwan,TT (Taiwan Stock Exchange),2891,
Balanced growth,Listed Equity,CUMMINS INC COMMON STOCK USD 2.5,2240202,SEDOL,United States,US,CMI,
Balanced growth,Listed Equity,DAI NIPPON PRINTING CO LTD COMMON STOCK JPY,6250906,SEDOL,Japan,JP,7912,
Balanced growth,Listed Equity,DAIMLER TRUCK HOLDING AG COMMON STOCK EUR 0,BP6VLQ4,SEDOL,Germany,GR,DTG,
Balanced growth,Listed Equity,DAITO TRUST CONSTRUCTION CO LTD COMMON STOCK JPY,6250508,SEDOL,Japan,JP,1878,
Balanced growth,Listed Equity,DAIWA HOUSE INDUSTRY CO LTD COMMON STOCK JPY,6251363,SEDOL,Japan,JP,1925,
Balanced growth,Listed Equity,DANAHER CORP COMMON STOCK USD 0.01,2250870,SEDOL,United States,US,DHR,
Balanced growth,Listed Equity,DANONE SA COMMON STOCK EUR 0.25,B1Y9TB3,SEDOL,France,FP,BN,
Balanced growth,Listed Equity,DANSKE BANK A/S COMMON STOCK DKK 10,4588825,SEDOL,Denmark,DC,DANSKE,
Balanced growth,Listed Equity,DATA#3 LTD COMMON STOCK AUD 0,6093015,SEDOL,Australia,AU,DTL,
Balanced growth,Listed Equity,DATADOG INC COMMON STOCK USD 0.00001,BKT9Y49,SEDOL,United States,US,DDOG,
Balanced growth,Listed Equity,DAVITA INC COMMON STOCK USD 0.001,2898087,SEDOL,United States,US,DVA,
Balanced growth,Listed Equity,DB INSURANCE CO LTD COMMON STOCK KRW 500,6155937,SEDOL,South Korea,KS,005830,
Balanced growth,Listed Equity,DBS GROUP HOLDINGS LTD COMMON STOCK SGD 0,6175203,SEDOL,Singapore,SP,DBS,
Balanced growth,Listed Equity,DECKERS OUTDOOR CORP COMMON STOCK USD 0.01,2267278,SEDOL,United States,US,DECK,
Balanced growth,Listed Equity,DELL TECHNOLOGIES INC COMMON STOCK USD,BHKD3S6,SEDOL,United States,US,DELL,
Balanced growth,Listed Equity,DELTA AIR LINES INC COMMON STOCK USD 0.0001,B1W9D46,SEDOL,United States,US,DAL,
Balanced growth,Listed Equity,DELTA ELECTRONICS INC COMMON STOCK TWD 10,6260734,SEDOL,Taiwan,TT (Taiwan Stock Exchange),2308,
Balanced growth,Listed Equity,DEMANT A/S COMMON STOCK DKK 0.2,BZ01RF1,SEDOL,Denmark,DC,DEMANT,
Balanced growth,Listed Equity,DETERRA ROYALTIES LTD COMMON STOCK AUD,BJP5T05,SEDOL,Australia,AU,DRR,
Balanced growth,Listed Equity,DEUTSCHE BANK AG COMMON STOCK EUR 0,5750355,SEDOL,Germany,GR,DBK,
Balanced growth,Listed Equity,DEUTSCHE POST AG COMMON STOCK EUR 0,4617859,SEDOL,Germany,GR,DHL,
Balanced growth,Listed Equity,DEUTSCHE TELEKOM AG COMMON STOCK EUR 0,5842359,SEDOL,Germany,GR,DTE,
Balanced growth,Listed Equity,DEXCOM INC COMMON STOCK USD 0.001,B0796X4,SEDOL,United States,US,DXCM,
Balanced growth,Listed Equity,DICKER DATA LTD COMMON STOCK AUD 0,B3YPKQ7,SEDOL,Australia,AU,DDR,
Balanced growth,Listed Equity,DICK'S SPORTING GOODS INC COMMON STOCK USD 0.01,2969637,SEDOL,United States,US,DKS,
Balanced growth,Listed Equity,DINO POLSKA SA COMMON STOCK PLN 0.1,BD0YVN2,SEDOL,Poland,PW,DNP,
Balanced growth,Listed Equity,DOCUSIGN INC COMMON STOCK USD 0.0001,BFYT7B7,SEDOL,United States,US,DOCU,
Balanced growth,Listed Equity,DOMAIN HOLDINGS AUSTRALIA LTD COMMON STOCK AUD,BF17Y13,SEDOL,Australia,AU,DHG,
Balanced growth,Listed Equity,DOMINO'S PIZZA ENTERPRISES LTD COMMON STOCK AUD 0,B07SFG7,SEDOL,Australia,AU,DMP,
Balanced growth,Listed Equity,DOMINO'S PIZZA INC COMMON STOCK USD 0.01,B01SD70,SEDOL,United States,US,DPZ,
Balanced growth,Listed Equity,DOORDASH INC COMMON STOCK USD 0.00001,BN13P03,SEDOL,United States,US,DASH,
Balanced growth,Listed Equity,DOWNER EDI LTD COMMON STOCK AUD 0,6465573,SEDOL,Australia,AU,DOW,
Balanced growth,Listed Equity,DSV A/S COMMON STOCK DKK 1,B1WT5G2,SEDOL,Denmark,DC,DSV,
Balanced growth,Listed Equity,DURATEC LTD COMMON STOCK AUD,BKS9J23,SEDOL,Australia,AU,DUR,
Balanced growth,Listed Equity,E.ON SE COMMON STOCK EUR 0,4942904,SEDOL,Germany,GR,EOAN,
Balanced growth,Listed Equity,EATON CORP PLC COMMON STOCK USD 0.01,B8KQN82,SEDOL,United States,US,ETN,
Balanced growth,Listed Equity,EBAY INC COMMON STOCK USD 0.001,2293819,SEDOL,United States,US,EBAY,
Balanced growth,Listed Equity,EBOS GROUP LTD COMMON STOCK NZD 0,6F7113S,SEDOL,,,,
Balanced growth,Listed Equity,ECOLAB INC COMMON STOCK USD 1,2304227,SEDOL,United States,US,ECL,
Balanced growth,Listed Equity,EDISON INTERNATIONAL COMMON STOCK USD 0,2829515,SEDOL,United States,US,EIX,
Balanced growth,Listed Equity,EIFFAGE SA COMMON STOCK EUR 4,B13X013,SEDOL,France,FP,FGR,
Balanced growth,Listed Equity,ELDERS LTD COMMON STOCK AUD 0,6357852,SEDOL,Australia,AU,ELD,
Balanced growth,Listed Equity,ELECTRO OPTIC SYSTEMS HOLDINGS LTD COMMON STOCK,6293990,SEDOL,Australia,AU,EOS,
Balanced growth,Listed Equity,ELECTRONIC ARTS INC COMMON STOCK USD 0.01,2310194,SEDOL,United States,US,EA,
Balanced growth,Listed Equity,ELEMENT FLEET MANAGEMENT CORP COMMON STOCK CAD,B7FNMQ2,SEDOL,Canada,CN,EFN,
Balanced growth,Listed Equity,ELEVANCE HEALTH INC COMMON STOCK USD 0.01,BSPHGL4,SEDOL,United States,US,ELV,
Balanced growth,Listed Equity,ELF BEAUTY INC COMMON STOCK USD 0.01,BDDQ975,SEDOL,United States,US,ELF,
Balanced growth,Listed Equity,ELI LILLY & CO COMMON STOCK USD 0,2516152,SEDOL,United States,US,LLY,
Balanced growth,Listed Equity,EMAAR PROPERTIES PJSC COMMON STOCK AED 1,B01RM25,SEDOL,United Arab Emirates,UH,EMAAR,
Balanced growth,Listed Equity,EMECO HOLDINGS LTD COMMON STOCK AUD 0,B1978V5,SEDOL,Australia,AU,EHL,
Balanced growth,Listed Equity,EMERALD RESOURCES NL COMMON STOCK AUD 0,6107381,SEDOL,Australia,AU,EMR,
Balanced growth,Listed Equity,EMERSON ELECTRIC CO COMMON STOCK USD 0.5,2313405,SEDOL,United States,US,EMR,
Balanced growth,Listed Equity,EMIRATES NBD BANK PJSC COMMON STOCK AED 1,B28PFX8,SEDOL,United Arab Emirates,UH,EMIRATES,
Balanced growth,Listed Equity,EML PAYMENTS LTD COMMON STOCK AUD 0,B7ZGK34,SEDOL,Australia,AU,EML,
Balanced growth,Listed Equity,EMPIRE CO LTD COMMON STOCK CAD 0,2314000,SEDOL,Canada,CN,EMP/A,
Balanced growth,Listed Equity,ENDEAVOUR GROUP LTD/AUSTRALIA COMMON STOCK AUD,BNVS144,SEDOL,Australia,AU,EDV,
Balanced growth,Listed Equity,ENEOS HOLDINGS INC COMMON STOCK JPY,B627LW9,SEDOL,Japan,JP,5020,
Balanced growth,Listed Equity,ENGIE SA COMMON STOCK EUR 1,B0C2CQ3,SEDOL,France,FP,ENGI,
Balanced growth,Listed Equity,ENN ENERGY HOLDINGS LTD COMMON STOCK HKD 0.1,6333937,SEDOL,Hong Kong,HK,2688,
Balanced growth,Listed Equity,ENPHASE ENERGY INC COMMON STOCK USD 0.00001,B65SQW4,SEDOL,United States,US,ENPH,
Balanced growth,Listed Equity,EOG RESOURCES INC COMMON STOCK USD 0.01,2318024,SEDOL,United States,US,EOG,
Balanced growth,Listed Equity,EQT HOLDINGS LTD COMMON STOCK AUD 0,BD5WNY6,SEDOL,Australia,AU,EQT,
Balanced growth,Listed Equity,EQUINOR ASA COMMON STOCK NOK 2.5,7133608,SEDOL,Belgium,NO,EQNR,
Balanced growth,Listed Equity,EQUITABLE HOLDINGS INC COMMON STOCK USD 0.01,BKRMR96,SEDOL,United States,US,EQH,
Balanced growth,Listed Equity,ERSTE GROUP BANK AG COMMON STOCK EUR 0,5289837,SEDOL,Austria,AV,EBS,
Balanced growth,Listed Equity,ESSILORLUXOTTICA SA COMMON STOCK EUR 0.18,7212477,SEDOL,France,FP,EL,
Balanced growth,Listed Equity,ESSITY AB COMMON STOCK SEK 3.35,BF1K7P7,SEDOL,Sweden,SS,ESSITYB,
Balanced growth,Listed Equity,ETIHAD ETISALAT CO COMMON STOCK SAR 10,B12LR51,SEDOL,Saudi Arabia,AB,EEC,
Balanced growth,Listed Equity,EUROBANK ERGASIAS SERVICES AND HOLDINGS SA COMMON,BYZ43T4,SEDOL,Greece,GA,EUROB,
Balanced growth,Listed Equity,EVERSOURCE ENERGY COMMON STOCK USD 5,BVVN4Q8,SEDOL,United States,US,ES,
Balanced growth,Listed Equity,EVOLUTION MINING LTD COMMON STOCK AUD 0,B3X0F91,SEDOL,Australia,AU,EVN,
Balanced growth,Listed Equity,EXELON CORP COMMON STOCK USD 0,2670519,SEDOL,United States,US,EXC,
Balanced growth,Listed Equity,EXPEDIA GROUP INC COMMON STOCK USD 0.001,B748CK2,SEDOL,United States,US,EXPE,
Balanced growth,Listed Equity,EXXON MOBIL,2326618,SEDOL,United States,US,XOM,
Balanced growth,Listed Equity,F5 INC COMMON STOCK USD 0,2427599,SEDOL,United States,US,FFIV,
Balanced growth,Listed Equity,FIDELITY NATIONAL INFORMATION SERVICES INC COMMON,2769796,SEDOL,United States,US,FIS,
Balanced growth,Listed Equity,FINEOS CORP LTD CDI AUD,BK5XVJ9,SEDOL,Australia,AU,FCL,
Balanced growth,Listed Equity,FISERV INC COMMON STOCK USD 0.01,2342034,SEDOL,United States,US,FI,
Balanced growth,Listed Equity,FISHER & PAYKEL HEALTHCARE CORP LTD COMMON STOCK,3F0952S,SEDOL,,,,
Balanced growth,Listed Equity,FLEETPARTNERS GROUP LTD,BN7HDZ0,SEDOL,Australia,AU,FPR,
Balanced growth,Listed Equity,FLIGHT CENTRE TRAVEL GROUP LTD COMMON STOCK AUD 0,6352147,SEDOL,Australia,AU,FLT,
Balanced growth,Listed Equity,FLUTTER ENTERTAINMENT PLC COMMON STOCK GBP 0.09,BWZMZF4,SEDOL,United States,US,FLUT,
Balanced growth,Listed Equity,FORD OTOMOTIV SANAYI AS COMMON STOCK TRY 1,B03MSR5,SEDOL,Turkey,TI,FROTO,
Balanced growth,Listed Equity,FORTESCUE LTD COMMON STOCK AUD 0,6086253,SEDOL,Australia,AU,FMG,
Balanced growth,Listed Equity,FORTINET INC COMMON STOCK USD 0.001,B5B2106,SEDOL,United States,US,FTNT,
Balanced growth,Listed Equity,FORTUM OYJ COMMON STOCK EUR 3.4,5579550,SEDOL,Finland,FH,FORTUM,
Balanced growth,Listed Equity,FOSHAN HAITIAN FLAVOURING & FOOD CO LTD COMMON,BTFRHX0,SEDOL,China,C1,603288,
Balanced growth,Listed Equity,FOX CORP COMMON STOCK USD 0.01,BJJMGL2,SEDOL,United States,US,FOXA,
Balanced growth,Listed Equity,FOX CORP COMMON STOCK USD 0.01,BJJMGY5,SEDOL,United States,US,FOX,
Balanced growth,Listed Equity,FPT CORP COMMON STOCK VND 10000,B1HMWH6,SEDOL,Vietnam,VN,FPT,
Balanced growth,Listed Equity,FUJI ELECTRIC CO LTD COMMON STOCK JPY,6356365,SEDOL,Japan,JP,6504,
Balanced growth,Listed Equity,FULL TRUCK ALLIANCE CO LTD ADR USD,BMD2L36,SEDOL,United States,US,YMM,
Balanced growth,Listed Equity,G8 EDUCATION LTD COMMON STOCK AUD 0,B296314,SEDOL,Australia,AU,GEM,
Balanced growth,Listed Equity,GAIL INDIA LTD COMMON STOCK INR 10,6133405,SEDOL,India,IN,GAIL,
Balanced growth,Listed Equity,GALP ENERGIA SGPS SA COMMON STOCK EUR 1,B1FW751,SEDOL,Portugal,PL,GALP,
Balanced growth,Listed Equity,GARMIN LTD COMMON STOCK USD 0.1,B3Z5T14,SEDOL,United States,US,GRMN,
Balanced growth,Listed Equity,GARTNER INC COMMON STOCK USD 0.0005,2372763,SEDOL,United States,US,IT,
Balanced growth,Listed Equity,GE AEROSPACE,BL59CR9,SEDOL,United States,US,GE,
Balanced growth,Listed Equity,GE HEALTHCARE TECHNOLOGIES INC COMMON STOCK USD,BL6JPG8,SEDOL,United States,US,GEHC,
Balanced growth,Listed Equity,GEA GROUP AG COMMON STOCK EUR 0,4557104,SEDOL,Germany,GR,G1A,
Balanced growth,Listed Equity,GEELY AUTOMOBILE HOLDINGS LTD COMMON STOCK HKD,6531827,SEDOL,Hong Kong,HK,175,
Balanced growth,Listed Equity,GEN DIGITAL INC COMMON STOCK USD 0.01,BJN4XN5,SEDOL,United States,US,GEN,
Balanced growth,Listed Equity,GENERAL MOTORS CO COMMON STOCK USD 0.01,B665KZ5,SEDOL,United States,US,GM,
Balanced growth,Listed Equity,GENERATION IM CLIMATE SOLUTIONS FUND LP USD,W531FB3,SEDOL,,,,
Balanced growth,Listed Equity,GILDAN ACTIVEWEAR INC COMMON STOCK CAD 0,2254645,SEDOL,Canada,CN,GIL,
Balanced growth,Listed Equity,GILEAD SCIENCES INC COMMON STOCK USD 0.001,2369174,SEDOL,United States,US,GILD,
Balanced growth,Listed Equity,GIVAUDAN SA COMMON STOCK CHF 10,5980613,SEDOL,Switzerland,SW,GIVN,
Balanced growth,Listed Equity,GLENCORE PLC COMMON STOCK GBP 0.01,B4T3BW6,SEDOL,United Kingdom,LN,GLEN,
Balanced growth,Listed Equity,GLOBANT SA COMMON STOCK USD 1.2,BP40HF4,SEDOL,United States,US,GLOB,
Balanced growth,Listed Equity,GODADDY INC COMMON STOCK USD 0.001,BWFRFC6,SEDOL,United States,US,GDDY,
Balanced growth,Listed Equity,GOLD ROAD RESOURCES LTD COMMON STOCK AUD 0,B15F5K1,SEDOL,Australia,AU,GOR,
Balanced growth,Listed Equity,GOLDMAN SACHS GROUP INC/THE COMMON STOCK USD 0.01,2407966,SEDOL,United States,US,GS,
Balanced growth,Listed Equity,GQG PARTNERS INC CDI AUD,BN469H4,SEDOL,Australia,AU,GQG,
Balanced growth,Listed Equity,GR ENGINEERING SERVICES LTD COMMON STOCK AUD 0,B62LMX9,SEDOL,Australia,AU,GNG,
Balanced growth,Listed Equity,GRAB HOLDINGS LTD COMMON STOCK USD 0.000001,BP6NH40,SEDOL,United States,US,GRAB,
Balanced growth,Listed Equity,GRANGE RESOURCES LTD COMMON STOCK AUD 0,6135876,SEDOL,Australia,AU,GRR,
Balanced growth,Listed Equity,GREAT-WEST LIFECO INC COMMON STOCK CAD 0,2384951,SEDOL,Canada,CN,GWO,
Balanced growth,Listed Equity,GRUPO FINANCIERO BANORTE SAB DE CV COMMON STOCK,2421041,SEDOL,Mexico,MM,GFNORTEO,
Balanced growth,Listed Equity,GSK PLC COMMON STOCK GBP 31.25,BN7SWP6,SEDOL,United Kingdom,LN,GSK,
Balanced growth,Listed Equity,GWA GROUP LTD COMMON STOCK AUD 0,6392949,SEDOL,Australia,AU,GWA,
Balanced growth,Listed Equity,H WORLD GROUP LTD ADR USD,BFMFKK7,SEDOL,United States,US,HTHT,
Balanced growth,Listed Equity,HAIDILAO INTERNATIONAL HOLDING LTD COMMON STOCK,BGN9715,SEDOL,Hong Kong,HK,6862,
Balanced growth,Listed Equity,HAIER SMART HOME CO LTD COMMON STOCK CNY 1,BP3R3G9,SEDOL,China,C1,600690,
Balanced growth,Listed Equity,HAIER SMART HOME CO LTD COMMON STOCK HKD 1,BLD4QD0,SEDOL,Hong Kong,HK,6690,
Balanced growth,Listed Equity,HALLIBURTON CO COMMON STOCK USD 2.5,2405302,SEDOL,United States,US,HAL,
Balanced growth,Listed Equity,HANA FINANCIAL GROUP INC COMMON STOCK KRW 5000,B0RNRF5,SEDOL,South Korea,KS,086790,
Balanced growth,Listed Equity,HANGZHOU TIGERMED CONSULTING CO LTD COMMON STOCK,BMZC7F8,SEDOL,Hong Kong,HK,3347,
Balanced growth,Listed Equity,HANKOOK TIRE & TECHNOLOGY CO LTD COMMON STOCK KRW,B7T5KQ0,SEDOL,South Korea,KS,161390,
Balanced growth,Listed Equity,HANSEN TECHNOLOGIES LTD COMMON STOCK AUD 0,6243252,SEDOL,Australia,AU,HSN,
Balanced growth,Listed Equity,HANSOH PHARMACEUTICAL GROUP CO LTD COMMON STOCK,BJYKB72,SEDOL,Hong Kong,HK,3692,
Balanced growth,Listed Equity,HANWHA AEROSPACE CO LTD COMMON STOCK KRW 5000,6772671,SEDOL,South Korea,KS,012450,
Balanced growth,Listed Equity,HARTFORD FINANCIAL SERVICES GROUP INC/THE COMMON,2476193,SEDOL,United States,US,HIG,
Balanced growth,Listed Equity,HCA HEALTHCARE INC COMMON STOCK USD 0.01,B4MGBG6,SEDOL,United States,US,HCA,
Balanced growth,Listed Equity,HCL TECHNOLOGIES LTD COMMON STOCK INR 2,6294896,SEDOL,India,IN,HCLT,
Balanced growth,Listed Equity,HD HYUNDAI CO LTD COMMON STOCK KRW 1000,BD4HFT1,SEDOL,South Korea,KS,267250,
Balanced growth,Listed Equity,HDFC ASSET MANAGEMENT CO LTD COMMON STOCK INR 5,BG0R3M5,SEDOL,India,IN,HDFCAMC,
Balanced growth,Listed Equity,HDFC BANK LTD COMMON STOCK INR 1,BK1N461,SEDOL,India,IN,HDFCB,
Balanced growth,Listed Equity,HDFC LIFE INSURANCE CO LTD COMMON STOCK INR 10,BF0TRG6,SEDOL,India,IN,HDFCLIFE,
Balanced growth,Listed Equity,HEALIUS LTD COMMON STOCK AUD 0,BFZYRL1,SEDOL,Australia,AU,HLS,
Balanced growth,Listed Equity,HEINEKEN NV COMMON STOCK EUR 1.6,7792559,SEDOL,Netherlands,NA,HEIA,
Balanced growth,Listed Equity,HELIA GROUP LTD COMMON STOCK AUD,BP5HL07,SEDOL,Australia,AU,HLI,
Balanced growth,Listed Equity,HENKEL AG & CO KGAA PREFERENCE EUR 0,5076705,SEDOL,Germany,GR,HEN3,
Balanced growth,Listed Equity,HERMES INTERNATIONAL SCA COMMON STOCK EUR 0,5253973,SEDOL,France,FP,RMS,
Balanced growth,Listed Equity,HERO MOTOCORP LTD COMMON STOCK INR 2,6327327,SEDOL,India,IN,HMCL,
Balanced growth,Listed Equity,HEWLETT PACKARD ENTERPRISE CO COMMON STOCK USD,BYVYWS0,SEDOL,United States,US,HPE,
Balanced growth,Listed Equity,HIKARI TSUSHIN INC COMMON STOCK JPY,6416322,SEDOL,Japan,JP,9435,
Balanced growth,Listed Equity,HINDUSTAN AERONAUTICS LTD COMMON STOCK INR 5,BR56KD4,SEDOL,India,IN,HNAL,
Balanced growth,Listed Equity,HINDUSTAN PETROLEUM CORP LTD COMMON STOCK INR 10,6100476,SEDOL,India,IN,HPCL,
Balanced growth,Listed Equity,HITACHI LTD COMMON STOCK JPY,6429104,SEDOL,Japan,JP,6501,
Balanced growth,Listed Equity,HOME DEPOT INC/THE COMMON STOCK USD 0.05,2434209,SEDOL,United States,US,HD,
Balanced growth,Listed Equity,HON HAI PRECISION INDUSTRY CO LTD COMMON STOCK TWD,6438564,SEDOL,Taiwan,TT (Taiwan Stock Exchange),2317,
Balanced growth,Listed Equity,HONDA MOTOR CO LTD COMMON STOCK JPY,6435145,SEDOL,Japan,JP,7267,
Balanced growth,Listed Equity,HONEYWELL INTERNATIONAL INC COMMON STOCK USD 1,2020459,SEDOL,United States,US,HON,
Balanced growth,Listed Equity,HORIZON ROBOTICS INC COMMON STOCK HKD 0.0000025,BS5YNY7,SEDOL,Hong Kong,HK,9660,
Balanced growth,Listed Equity,HSBC HOLDINGS PLC COMMON STOCK GBP 0.5,540528,SEDOL,United Kingdom,LN,HSBA,
Balanced growth,Listed Equity,HUB24 LTD COMMON STOCK AUD 0,BD4T5X1,SEDOL,Australia,AU,HUB,
Balanced growth,Listed Equity,HUMANA INC COMMON STOCK USD 0.1666666,2445063,SEDOL,United States,US,HUM,
Balanced growth,Listed Equity,HUMM GROUP LTD COMMON STOCK AUD 0,BN4KQK8,SEDOL,Australia,AU,HUM,
Balanced growth,Listed Equity,HUNTINGTON BANCSHARES INC/OH COMMON STOCK USD 0.01,2445966,SEDOL,United States,US,HBAN,
Balanced growth,Listed Equity,HYDRO ONE LTD COMMON STOCK CAD,BYYXJY9,SEDOL,Canada,CN,H,
Balanced growth,Listed Equity,HYUNDAI MOBIS CO LTD COMMON STOCK KRW 5000,6449544,SEDOL,South Korea,KS,012330,
Balanced growth,Listed Equity,IBERDROLA SA COMMON STOCK EUR 0.75,B288C92,SEDOL,Spain,SM,IBE,
Balanced growth,Listed Equity,ICICI BANK LTD COMMON STOCK INR 2,BSZ2BY7,SEDOL,India,IN,ICICIBC,
Balanced growth,Listed Equity,IDEMITSU KOSAN CO LTD COMMON STOCK JPY,B1FF8P7,SEDOL,Japan,JP,5019,
Balanced growth,Listed Equity,IDP EDUCATION LTD COMMON STOCK AUD,BDB6DD1,SEDOL,Australia,AU,IEL,
Balanced growth,Listed Equity,IGM FINANCIAL INC COMMON STOCK CAD 0,2469375,SEDOL,Canada,CN,IGM,
Balanced growth,Listed Equity,IGO LTD COMMON STOCK AUD 0,6439567,SEDOL,Australia,AU,IGO,
Balanced growth,Listed Equity,ILLUMINA INC COMMON STOCK USD 0.01,2613990,SEDOL,United States,US,ILMN,
Balanced growth,Listed Equity,ILUKA RESOURCES LTD COMMON STOCK AUD 0,6957575,SEDOL,Australia,AU,ILU,
Balanced growth,Listed Equity,IMDEX LTD COMMON STOCK AUD 0,6462154,SEDOL,Australia,AU,IMD,
Balanced growth,Listed Equity,INCYTE CORP COMMON STOCK USD 0.001,2471950,SEDOL,United States,US,INCY,
Balanced growth,Listed Equity,INDIAN OIL CORP LTD COMMON STOCK INR 10,6253767,SEDOL,India,IN,IOCL,
Balanced growth,Listed Equity,INFOMEDIA LTD COMMON STOCK AUD 0,6268095,SEDOL,Australia,AU,IFM,
Balanced growth,Listed Equity,INFOSYS LTD COMMON STOCK INR 5,6205122,SEDOL,India,IN,INFO,
Balanced growth,Listed Equity,ING GROEP NV COMMON STOCK EUR 0.01,BZ57390,SEDOL,Netherlands,NA,INGA,
Balanced growth,Listed Equity,INGHAMS GROUP LTD COMMON STOCK AUD,BZCNHW2,SEDOL,Australia,AU,ING,
Balanced growth,Listed Equity,INSIGNIA FINANCIAL LTD COMMON STOCK AUD 0,6714394,SEDOL,Australia,AU,IFL,
Balanced growth,Listed Equity,INSULET CORP COMMON STOCK USD 0.001,B1XGNW4,SEDOL,United States,US,PODD,
Balanced growth,Listed Equity,INSURANCE AUSTRALIA GROUP LTD COMMON STOCK AUD 0,6271026,SEDOL,Australia,AU,IAG,
Balanced growth,Listed Equity,INTEGRAL DIAGNOSTICS LTD COMMON STOCK AUD,BYV2ZK7,SEDOL,Australia,AU,IDX,
Balanced growth,Listed Equity,INTERCONEXION ELECTRICA SA ESP COMMON STOCK COP,2205706,SEDOL,Colombia,CB,ISA,
Balanced growth,Listed Equity,INTERNATIONAL BUSINESS MACHINES CORPORATION,2005973,SEDOL,United States,US,IBM,
Balanced growth,Listed Equity,INTERNATIONAL CONTAINER TERMINAL SERVICES INC,6455819,SEDOL,Philippines,PM,ICT,
Balanced growth,Listed Equity,INTERNATIONAL FLAVORS & FRAGRANCES INC COMMON,2464165,SEDOL,United States,US,IFF,
Balanced growth,Listed Equity,INTESA SANPAOLO SPA COMMON STOCK EUR 0,4076836,SEDOL,Italy,IM,ISP,
Balanced growth,Listed Equity,INTUIT INC COMMON STOCK USD 0.01,2459020,SEDOL,United States,US,INTU,
Balanced growth,Listed Equity,INTUITIVE SURGICAL INC COMMON STOCK USD 0.001,2871301,SEDOL,United States,US,ISRG,
Balanced growth,Listed Equity,INVESTOR AB COMMON STOCK SEK 6.25,BMV7PQ4,SEDOL,Sweden,SS,INVEB,
Balanced growth,Listed Equity,IPH LTD COMMON STOCK AUD,BS7K5S1,SEDOL,Australia,AU,IPH,
Balanced growth,Listed Equity,IPSEN SA COMMON STOCK EUR 1,B0R7JF1,SEDOL,France,FP,IPN,
Balanced growth,Listed Equity,IQVIA HOLDINGS INC COMMON STOCK USD 0.01,BDR73G1,SEDOL,United States,US,IQV,
Balanced growth,Listed Equity,IRESS LTD COMMON STOCK AUD 0,6297497,SEDOL,Australia,AU,IRE,
Balanced growth,Listed Equity,ITAU UNIBANCO HOLDING SA PREFERENCE BRL 0,B037HR3,SEDOL,Brazil,BZ,ITUB4,
Balanced growth,Listed Equity,ITOCHU CORP COMMON STOCK JPY,6467803,SEDOL,Japan,JP,8001,
Balanced growth,Listed Equity,IVE GROUP LTD COMMON STOCK AUD,BD08J52,SEDOL,Australia,AU,IGL,
Balanced growth,Listed Equity,JAMES HARDIE INDUSTRIES PLC CDI AUD 0.59,2F5236S,SEDOL,,,,
Balanced growth,Listed Equity,JB HI-FI LTD COMMON STOCK AUD 0,6702623,SEDOL,Australia,AU,JBH,
Balanced growth,Listed Equity,JBS S/A COMMON STOCK BRL 0,B1V74X7,SEDOL,,,,
Balanced growth,Listed Equity,JD LOGISTICS INC COMMON STOCK HKD 0.000025,BNMBPD9,SEDOL,Hong Kong,HK,2618,
Balanced growth,Listed Equity,JD.COM INC - CL A,BKPQZT6,SEDOL,Hong Kong,HK,9618,
Balanced growth,Listed Equity,JOBY AVIATION INC COMMON STOCK USD 0.0001,BMCRLL0,SEDOL,United States,US,JOBY,
Balanced growth,Listed Equity,JOHNSON & JOHNSON COMMON STOCK USD 1,2475833,SEDOL,United States,US,JNJ,
Balanced growth,Listed Equity,JPMORGAN CHASE & CO COMMON STOCK USD 1,2190385,SEDOL,United States,US,JPM,
Balanced growth,Listed Equity,JSC KASPI.KZ GDR-REG S,BJY21K1,SEDOL,United States,US,KSPI,
Balanced growth,Listed Equity,JUDO CAPITAL HOLDINGS LTD COMMON STOCK AUD,BMW7F41,SEDOL,Australia,AU,JDO,
Balanced growth,Listed Equity,JUMBO INTERACTIVE LTD COMMON STOCK AUD 0,6524474,SEDOL,Australia,AU,JIN,
Balanced growth,Listed Equity,KANZHUN LTD ADR USD 0.0001,BM91SH0,SEDOL,United States,US,BZ,
Balanced growth,Listed Equity,KAROON ENERGY LTD COMMON STOCK AUD 0,B00SV00,SEDOL,Australia,AU,KAR,
Balanced growth,Listed Equity,KASIKORNBANK PCL FOREIGN SH. THB 10,6888794,SEDOL,Thailand,TB,KBANK/F,
Balanced growth,Listed Equity,KB FINANCIAL GROUP INC COMMON STOCK KRW 5000,B3DF0Y6,SEDOL,South Korea,KS,105560,
Balanced growth,Listed Equity,KBC GROUP NV COMMON STOCK EUR 0,4497749,SEDOL,Belgium,BB,KBC,
Balanced growth,Listed Equity,KEURIG DR PEPPER INC COMMON STOCK USD 0.01,BD3W133,SEDOL,United States,US,KDP,
Balanced growth,Listed Equity,KEYSIGHT TECHNOLOGIES INC COMMON STOCK USD 0.01,BQZJ0Q9,SEDOL,United States,US,KEYS,
Balanced growth,Listed Equity,KIA CORP COMMON STOCK KRW 5000,6490928,SEDOL,South Korea,KS,000270,
Balanced growth,Listed Equity,KINA SECURITIES LTD COMMON STOCK AUD,BYWSCK3,SEDOL,Australia,AU,KSL,
Balanced growth,Listed Equity,KINGFISHER PLC COMMON STOCK GBP 15.7143,3319521,SEDOL,United Kingdom,LN,KGF,
Balanced growth,Listed Equity,KINGSOFT CORP LTD COMMON STOCK HKD 0.0005,B27WRM3,SEDOL,Hong Kong,HK,3888,
Balanced growth,Listed Equity,KINROSS GOLD CORP COMMON STOCK CAD 0,B03Z841,SEDOL,Canada,CN,K,
Balanced growth,Listed Equity,KLA CORP COMMON STOCK USD 0.001,2480138,SEDOL,United States,US,KLAC,
Balanced growth,Listed Equity,KMD BRANDS LTD COMMON STOCK NZD,6F7071S,SEDOL,,,,
Balanced growth,Listed Equity,KOGAN.COM LTD COMMON STOCK AUD,BYYY339,SEDOL,Australia,AU,KGN,
Balanced growth,Listed Equity,KOMATSU LTD COMMON STOCK JPY,6496584,SEDOL,Japan,JP,6301,
Balanced growth,Listed Equity,KONINKLIJKE KPN NV COMMON STOCK EUR 0.04,5956078,SEDOL,Netherlands,NA,KPN,
Balanced growth,Listed Equity,KONINKLIJKE PHILIPS NV COMMON STOCK EUR 0.2,5986622,SEDOL,Netherlands,NA,PHIA,
Balanced growth,Listed Equity,KOREA INVESTMENT HOLDINGS CO LTD COMMON STOCK KRW,6654586,SEDOL,South Korea,KS,071050,
Balanced growth,Listed Equity,KRAFT HEINZ CO/THE COMMON STOCK USD 0.01,BYRY499,SEDOL,United States,US,KHC,
Balanced growth,Listed Equity,KRAFTON INC COMMON STOCK KRW 100,BMBP900,SEDOL,South Korea,KS,259960,
Balanced growth,Listed Equity,KROGER CO/THE COMMON STOCK USD 1,2497406,SEDOL,United States,US,KR,
Balanced growth,Listed Equity,KUAISHOU TECHNOLOGY COMMON STOCK HKD 0.0000053,BLC90T0,SEDOL,Hong Kong,HK,1024,
Balanced growth,Listed Equity,KUMBA IRON ORE LTD COMMON STOCK ZAR 0.01,B1G4262,SEDOL,South Africa,SJ,KIO,
Balanced growth,Listed Equity,KUNLUN ENERGY CO LTD COMMON STOCK HKD 0.01,6340078,SEDOL,Hong Kong,HK,135,
Balanced growth,Listed Equity,KWEICHOW MOUTAI CO LTD COMMON STOCK CNY 1,BP3R2F1,SEDOL,China,C1,600519,
Balanced growth,Listed Equity,LA FRANCAISE DES JEUX SACA COMMON STOCK EUR,BG0SC10,SEDOL,France,FP,FDJU,
Balanced growth,Listed Equity,LAM RESEARCH CORP COMMON STOCK USD 0.001,BSML4N7,SEDOL,United States,US,LRCX,
Balanced growth,Listed Equity,LAS VEGAS SANDS CORP COMMON STOCK USD 0.001,B02T2J7,SEDOL,United States,US,LVS,
Balanced growth,Listed Equity,LEG IMMOBILIEN SE COMMON STOCK EUR,B9G6L89,SEDOL,Germany,GR,LEG,
Balanced growth,Listed Equity,LEGRAND SA COMMON STOCK EUR 4,B11ZRK9,SEDOL,United Kingdom,EB,LRP,
Balanced growth,Listed Equity,LENNAR CORP COMMON STOCK USD 0.1,2511920,SEDOL,United States,US,LEN,
Balanced growth,Listed Equity,LENOVO GROUP LTD COMMON STOCK HKD 0,6218089,SEDOL,Hong Kong,HK,992,
Balanced growth,Listed Equity,LEONARDO SPA COMMON STOCK EUR 4.4,B0DJNG0,SEDOL,Italy,IM,LDO,
Balanced growth,Listed Equity,LIFE360 INC CDI AUD,BJMXQ67,SEDOL,Australia,AU,360,
Balanced growth,Listed Equity,LIGHT & WONDER INC CDI AUD,BMXNX11,SEDOL,Australia,AU,LNW,
Balanced growth,Listed Equity,LINDE PLC COMMON STOCK EUR 0.001,BNZHB81,SEDOL,United States,US,LIN,
Balanced growth,Listed Equity,LINDSAY AUSTRALIA LTD COMMON STOCK AUD 0,6103710,SEDOL,Australia,AU,LAU,
Balanced growth,Listed Equity,LLOYDS BANKING GROUP PLC COMMON STOCK GBP 10,870612,SEDOL,United Kingdom,LN,LLOY,
Balanced growth,Listed Equity,LOBLAW COS LTD COMMON STOCK CAD 0,2521800,SEDOL,Canada,CN,L,
Balanced growth,Listed Equity,LOCALIZA RENT A CAR SA COMMON STOCK BRL 0,B08K3S0,SEDOL,Brazil,BZ,RENT3,
Balanced growth,Listed Equity,LONGFOR GROUP HOLDINGS LTD COMMON STOCK HKD 0.1,B56KLY9,SEDOL,Hong Kong,HK,960,
Balanced growth,Listed Equity,L'OREAL SA COMMON STOCK EUR 0.2,4057808,SEDOL,France,FP,OR,
Balanced growth,Listed Equity,LOTTERY CORP LTD/THE COMMON STOCK AUD,BNRQW72,SEDOL,Australia,AU,TLC,
Balanced growth,Listed Equity,LOVISA HOLDINGS LTD COMMON STOCK AUD,BT9PVP0,SEDOL,Australia,AU,LOV,
Balanced growth,Listed Equity,LOWE'S COS INC COMMON STOCK USD 0.5,2536763,SEDOL,United States,US,LOW,
Balanced growth,Listed Equity,LULULEMON ATHLETICA INC COMMON STOCK USD 0.005,B23FN39,SEDOL,United States,US,LULU,
Balanced growth,Listed Equity,LVMH MOET HENNESSY LOUIS VUITTON SE COMMON STOCK,4061412,SEDOL,France,FP,MC,
Balanced growth,Listed Equity,LYCOPODIUM LTD COMMON STOCK AUD 0,B044438,SEDOL,Australia,AU,LYL,
Balanced growth,Listed Equity,LYNAS RARE EARTHS LTD COMMON STOCK AUD 0,6121176,SEDOL,Australia,AU,LYC,
Balanced growth,Listed Equity,MACMAHON HOLDINGS LTD COMMON STOCK AUD 0,6551160,SEDOL,Australia,AU,MAH,
Balanced growth,Listed Equity,MACQUARIE GROUP LTD COMMON STOCK AUD 0,B28YTC2,SEDOL,Australia,AU,MQG,
Balanced growth,Listed Equity,MADER GROUP LTD COMMON STOCK AUD,BHNG8Z4,SEDOL,Australia,AU,MAD,
Balanced growth,Listed Equity,MAGELLAN FINANCIAL GROUP LTD COMMON STOCK AUD 0,B015YX4,SEDOL,Australia,AU,MFG,
Balanced growth,Listed Equity,MAHINDRA & MAHINDRA LTD COMMON STOCK INR 5,6100186,SEDOL,India,IN,MM,
Balanced growth,Listed Equity,MALAYAN BANKING BHD COMMON STOCK MYR 0,6556325,SEDOL,Malaysia,MK,MAY,
Balanced growth,Listed Equity,MANULIFE FINANCIAL CORP COMMON STOCK CAD 0,2492519,SEDOL,Canada,CN,MFC,
Balanced growth,Listed Equity,MARATHON PETROLEUM CORP COMMON STOCK USD 0.01,B3K3L40,SEDOL,United States,US,MPC,
Balanced growth,Listed Equity,MARUBENI CORP COMMON STOCK JPY,6569464,SEDOL,Japan,JP,8002,
Balanced growth,Listed Equity,MARVELL TECHNOLOGY INC COMMON STOCK USD 0.002,BNKJSM5,SEDOL,United States,US,MRVL,
Balanced growth,Listed Equity,MASCO CORP COMMON STOCK USD 1,2570200,SEDOL,United States,US,MAS,
Balanced growth,Listed Equity,MASTERCARD INC COMMON STOCK USD 0.0001,B121557,SEDOL,United States,US,MA,
Balanced growth,Listed Equity,MATCH GROUP INC COMMON STOCK USD 0.001,BK80XH9,SEDOL,United States,US,MTCH,
Balanced growth,Listed Equity,MAYNE PHARMA GROUP LTD COMMON STOCK AUD 0,B1BHXL8,SEDOL,Australia,AU,MYX,
Balanced growth,Listed Equity,MCCORMICK & CO INC/MD COMMON STOCK USD 0.01,2550161,SEDOL,United States,US,MKC,
Balanced growth,Listed Equity,MCDONALD'S CORP COMMON STOCK USD 0.01,2550707,SEDOL,United States,US,MCD,
Balanced growth,Listed Equity,MCKESSON CORP COMMON STOCK USD 0.01,2378534,SEDOL,United States,US,MCK,
Balanced growth,Listed Equity,MCMILLAN SHAKESPEARE LTD COMMON STOCK AUD 0,B00G1Q0,SEDOL,Australia,AU,MMS,
Balanced growth,Listed Equity,MEDIATEK INC COMMON STOCK TWD 10,6372480,SEDOL,Taiwan,TT (Taiwan Stock Exchange),2454,
Balanced growth,Listed Equity,MEDIBANK PVT LTD COMMON STOCK AUD,BRTNNQ5,SEDOL,Australia,AU,MPL,
Balanced growth,Listed Equity,MEDTRONIC PLC COMMON STOCK USD 0.1,BTN1Y11,SEDOL,United States,US,MDT,
Balanced growth,Listed Equity,MEITUAN COMMON STOCK HKD 0.00001,BGJW376,SEDOL,Hong Kong,HK,3690,
Balanced growth,Listed Equity,MERCADOLIBRE INC COMMON STOCK USD 0.001,B23X1H3,SEDOL,United States,US,MELI,
Balanced growth,Listed Equity,MERCK & CO INC COMMON STOCK USD 0.5,2778844,SEDOL,United States,US,MRK,
Balanced growth,Listed Equity,MERIDIAN ENERGY LTD COMMON STOCK NZD 0,BWFD052,SEDOL,New Zealand,NZ,MEL,
Balanced growth,Listed Equity,MERITZ FINANCIAL GROUP INC COMMON STOCK KRW 500,B4WRJD2,SEDOL,South Korea,KS,138040,
Balanced growth,Listed Equity,MESOBLAST LTD COMMON STOCK AUD 0,B04SF48,SEDOL,Australia,AU,MSB,
Balanced growth,Listed Equity,META PLATFORMS INC COMMON STOCK USD 0.000006,B7TL820,SEDOL,United States,US,META,
Balanced growth,Listed Equity,METCASH LTD COMMON STOCK AUD 0,B0744W4,SEDOL,Australia,AU,MTS,
Balanced growth,Listed Equity,METROPOLITAN BANK & TRUST CO COMMON STOCK PHP 20,6514442,SEDOL,Philippines,PM,MBT,
Balanced growth,Listed Equity,METTLER-TOLEDO INTERNATIONAL INC COMMON STOCK USD,2126249,SEDOL,United States,US,MTD,
Balanced growth,Listed Equity,MICROSOFT CORP COMMON STOCK USD 0.00000625,2588173,SEDOL,United States,US,MSFT,
Balanced growth,Listed Equity,MIDEA GROUP CO LTD COMMON STOCK CNY 1,BD5CPP1,SEDOL,China,C2,000333,
Balanced growth,Listed Equity,MINERAL RESOURCES LTD COMMON STOCK AUD 0,B17ZL56,SEDOL,Australia,AU,MIN,
Balanced growth,Listed Equity,MIRAE ASSET SECURITIES CO LTD COMMON STOCK KRW,6249658,SEDOL,South Korea,KS,006800,
Balanced growth,Listed Equity,MITSUBISHI ELECTRIC CORP COMMON STOCK JPY,6597045,SEDOL,Japan,JP,6503,
Balanced growth,Listed Equity,MITSUBISHI ESTATE CO LTD COMMON STOCK JPY,6596729,SEDOL,Japan,JP,8802,
Balanced growth,Listed Equity,MITSUI & CO LTD COMMON STOCK JPY,6597302,SEDOL,Japan,JP,8031,
Balanced growth,Listed Equity,MITSUI FUDOSAN CO LTD COMMON STOCK JPY,6597603,SEDOL,Japan,JP,8801,
Balanced growth,Listed Equity,MODERNA INC COMMON STOCK USD 0.0001,BGSXTS3,SEDOL,United States,US,MRNA,
Balanced growth,Listed Equity,MONADELPHOUS GROUP LTD COMMON STOCK AUD 0,6600471,SEDOL,Australia,AU,MND,
Balanced growth,Listed Equity,MONASH IVF GROUP LTD COMMON STOCK AUD 0,BMSK748,SEDOL,Australia,AU,MVF,
Balanced growth,Listed Equity,MONCLER SPA COMMON STOCK EUR 0,BGLP232,SEDOL,Italy,IM,MONC,
Balanced growth,Listed Equity,MONDELEZ INTERNATIONAL INC COMMON STOCK USD 0,B8CKK03,SEDOL,United States,US,MDLZ,
Balanced growth,Listed Equity,MONETA MONEY BANK AS COMMON STOCK CZK 20,BD3CQ16,SEDOL,Czech Republic,CP,MONET,
Balanced growth,Listed Equity,MORGAN STANLEY COMMON STOCK USD 0.01,2262314,SEDOL,United States,US,MS,
Balanced growth,Listed Equity,MOTOROLA SOLUTIONS INC COMMON STOCK USD 0.01,B5BKPQ4,SEDOL,United States,US,MSI,
Balanced growth,Listed Equity,MUENCHENER RUECKVERSICHERUNGS-GESELLSCHAFT AG IN,5294121,SEDOL,Germany,GR,MUV2,
Balanced growth,Listed Equity,MUTHOOT FINANCE LTD COMMON STOCK INR 10,B40MFF3,SEDOL,India,IN,MUTH,
Balanced growth,Listed Equity,MYER HOLDINGS LTD COMMON STOCK AUD,B50YPZ6,SEDOL,Australia,AU,MYR,
Balanced growth,Listed Equity,MYSTATE LTD COMMON STOCK AUD,B41XHK4,SEDOL,Australia,AU,MYS,
Balanced growth,Listed Equity,NANOSONICS LTD COMMON STOCK AUD 0,B1WF979,SEDOL,Australia,AU,NAN,
Balanced growth,Listed Equity,NASPERS LTD COMMON STOCK ZAR 2,BN0VX82,SEDOL,South Africa,SJ,NPN,
Balanced growth,Listed Equity,NATIONAL AUSTRALIA BANK LTD COMMON STOCK AUD 0,6624608,SEDOL,Australia,AU,NAB,
Balanced growth,Listed Equity,NATIONAL BANK OF CANADA COMMON STOCK,2077303,SEDOL,Canada,CN,NA,
Balanced growth,Listed Equity,NATWEST GROUP PLC COMMON STOCK GBP 107.69,BM8PJY7,SEDOL,United Kingdom,LN,NWG,
Balanced growth,Listed Equity,NAVIGATOR GLOBAL INVESTMENTS LTD COMMON STOCK AUD,4F4145S,SEDOL,,,,
Balanced growth,Listed Equity,NEC CORP COMMON STOCK JPY,6640400,SEDOL,Japan,JP,6701,
Balanced growth,Listed Equity,NEDBANK GROUP LTD COMMON STOCK ZAR 100,6628008,SEDOL,South Africa,SJ,NED,
Balanced growth,Listed Equity,NESTLE SA COMMON STOCK CHF 0.1,7123870,SEDOL,Switzerland,SW,NESN,
Balanced growth,Listed Equity,NETAPP INC COMMON STOCK USD 0.001,2630643,SEDOL,United States,US,NTAP,
Balanced growth,Listed Equity,NETEASE INC COMMON STOCK CNY 0.0001,BM93SF4,SEDOL,Hong Kong,HK,9999,
Balanced growth,Listed Equity,NETFLIX INC COMMON STOCK USD 0.001,2857817,SEDOL,United States,US,NFLX,
Balanced growth,Listed Equity,NETWEALTH GROUP LTD COMMON STOCK AUD,BF52PL1,SEDOL,Australia,AU,NWL,
Balanced growth,Listed Equity,NEUREN PHARMACEUTICALS LTD COMMON STOCK AUD 0,B04LVF0,SEDOL,Australia,AU,NEU,
Balanced growth,Listed Equity,NEWMONT CORP CDI AUD,BRDVMB3,SEDOL,Australia,AU,NEM,
Balanced growth,Listed Equity,NEWS CORP CDI AUD 0,6F3815S,SEDOL,,,,
Balanced growth,Listed Equity,NEXT PLC COMMON STOCK GBP 10,3208986,SEDOL,United Kingdom,LN,NXT,
Balanced growth,Listed Equity,NEXTDC LTD COMMON STOCK AUD 0,B5LMKP4,SEDOL,Australia,AU,NXT,
Balanced growth,Listed Equity,NEXTERA ENERGY INC COMMON STOCK USD 0.01,2328915,SEDOL,United States,US,NEE,
Balanced growth,Listed Equity,NH INVESTMENT & SECURITIES CO LTD COMMON STOCK KRW,6537085,SEDOL,South Korea,KS,005940,
Balanced growth,Listed Equity,NIB HOLDINGS LTD/AUSTRALIA COMMON STOCK AUD 0,B28ZM60,SEDOL,Australia,AU,NHF,
Balanced growth,Listed Equity,NICE LTD COMMON STOCK ILS 1,6647133,SEDOL,Israel,IT,NICE,
Balanced growth,Listed Equity,NICK SCALI LTD COMMON STOCK AUD 0,B00VZV8,SEDOL,Australia,AU,NCK,
Balanced growth,Listed Equity,NIKE INC COMMON STOCK USD 0,2640147,SEDOL,United States,US,NKE,
Balanced growth,Listed Equity,NITTO DENKO CORP COMMON STOCK JPY,6641801,SEDOL,Japan,JP,6988,
Balanced growth,Listed Equity,NMDC LTD COMMON STOCK INR 1,6148119,SEDOL,India,IN,NMDC,
Balanced growth,Listed Equity,NN GROUP NV COMMON STOCK EUR 0.12,BNG8PQ9,SEDOL,Netherlands,NA,NN,
Balanced growth,Listed Equity,NOKIA OYJ COMMON STOCK EUR 0,5902941,SEDOL,Finland,FH,NOKIA,
Balanced growth,Listed Equity,NOMURA HOLDINGS INC COMMON STOCK JPY,6643108,SEDOL,Japan,JP,8604,
Balanced growth,Listed Equity,NORDEA BANK ABP COMMON STOCK EUR 1,BFM0SV9,SEDOL,Finland,FH,NDA,
Balanced growth,Listed Equity,NORTHERN STAR RESOURCES LTD COMMON STOCK AUD 0,6717456,SEDOL,Australia,AU,NST,
Balanced growth,Listed Equity,NORTHERN TRUST CORP COMMON STOCK USD 1.666666,2648668,SEDOL,United States,US,NTRS,
Balanced growth,Listed Equity,NORTHROP GRUMMAN CORP COMMON STOCK USD 1,2648806,SEDOL,United States,US,NOC,
Balanced growth,Listed Equity,NOVARTIS AG COMMON STOCK CHF 0.49,7103065,SEDOL,Switzerland,SW,NOVN,
Balanced growth,Listed Equity,NOVATEK MICROELECTRONICS CORP COMMON STOCK TWD 10,6346333,SEDOL,Taiwan,TT (Taiwan Stock Exchange),3034,
Balanced growth,Listed Equity,NOVO NORDISK A/S COMMON STOCK DKK 0.1,BP6KMJ1,SEDOL,Denmark,DC,NOVOB,
Balanced growth,Listed Equity,NRW HOLDINGS LTD COMMON STOCK AUD 0,B23XW70,SEDOL,Australia,AU,NWH,
Balanced growth,Listed Equity,NU HOLDINGS LTD/CAYMAN ISLANDS COMMON STOCK USD,BN6NP19,SEDOL,United States,US,NU,
Balanced growth,Listed Equity,NUFARM LTD COMMON STOCK AUD 0,6335331,SEDOL,Australia,AU,NUF,
Balanced growth,Listed Equity,NUIX LTD COMMON STOCK AUD,BMW7P63,SEDOL,Australia,AU,NXL,
Balanced growth,Listed Equity,NVIDIA CORP COMMON STOCK USD 0.001,2379504,SEDOL,United States,US,NVDA,
Balanced growth,Listed Equity,NXP SEMICONDUCTORS NV COMMON STOCK USD 0.2,B505PN7,SEDOL,United States,US,NXPI,
Balanced growth,Listed Equity,OBJECTIVE CORP LTD COMMON STOCK AUD 0,6283407,SEDOL,Australia,AU,OCL,
Balanced growth,Listed Equity,OFX GROUP LTD COMMON STOCK AUD,BFG1Q58,SEDOL,Australia,AU,OFX,
Balanced growth,Listed Equity,OIL & NATURAL GAS CORP LTD COMMON STOCK INR 5,6139362,SEDOL,India,IN,ONGC,
Balanced growth,Listed Equity,OLD MUTUAL LTD COMMON STOCK ZAR,BDVPYN5,SEDOL,South Africa,SJ,OMU,
Balanced growth,Listed Equity,OMNICOM GROUP INC COMMON STOCK USD 0.15,2279303,SEDOL,United States,US,OMC,
Balanced growth,Listed Equity,OOH MEDIA LTD,BSXN8D0,SEDOL,Australia,AU,OML,
Balanced growth,Listed Equity,OPAP SA COMMON STOCK EUR 0.3,7107250,SEDOL,Greece,GA,OPAP,
Balanced growth,Listed Equity,OPEN TEXT CORP COMMON STOCK EUR 0,2260824,SEDOL,Canada,CN,OTEX,
Balanced growth,Listed Equity,ORACLE CORP COMMON STOCK USD 0.01,2661568,SEDOL,United States,US,ORCL,
Balanced growth,Listed Equity,ORICA LTD COMMON STOCK AUD 0,6458001,SEDOL,Australia,AU,ORI,
Balanced growth,Listed Equity,ORIGIN ENERGY LTD COMMON STOCK AUD 0,6214861,SEDOL,Australia,AU,ORG,
Balanced growth,Listed Equity,ORIX CORP COMMON STOCK JPY,6661144,SEDOL,Japan,JP,8591,
Balanced growth,Listed Equity,ORKLA ASA COMMON STOCK NOK 1.25,B1VQF42,SEDOL,Belgium,NO,ORK,
Balanced growth,Listed Equity,ORORA LTD COMMON STOCK AUD,BH4TCW7,SEDOL,Australia,AU,ORA,
Balanced growth,Listed Equity,OTSUKA HOLDINGS CO LTD COMMON STOCK JPY,B5LTM93,SEDOL,Japan,JP,4578,
Balanced growth,Listed Equity,OVERSEA-CHINESE BANKING CORP LTD COMMON STOCK SGD,B0F9V20,SEDOL,Singapore,SP,OCBC,
Balanced growth,Listed Equity,OVINTIV INC COMMON STOCK USD,BJ01KB6,SEDOL,United States,US,OVV,
Balanced growth,Listed Equity,PACCAR INC COMMON STOCK USD 1,2665861,SEDOL,United States,US,PCAR,
Balanced growth,Listed Equity,PAGE INDUSTRIES LTD COMMON STOCK INR 10,B1VJS64,SEDOL,India,IN,PAG,
Balanced growth,Listed Equity,PALANTIR TECHNOLOGIES INC COMMON STOCK USD 0.001,BN78DQ4,SEDOL,United States,US,PLTR,
Balanced growth,Listed Equity,PANDORA A/S COMMON STOCK DKK 0.01,B44XTX8,SEDOL,Denmark,DC,PNDORA,
Balanced growth,Listed Equity,PARKER-HANNIFIN CORP COMMON STOCK USD 0.5,2671501,SEDOL,United States,US,PH,
Balanced growth,Listed Equity,PARKLAND CORP/CANADA,BLFHPV8,SEDOL,Canada,CN,PKI,
Balanced growth,Listed Equity,PAYPAL HOLDINGS INC COMMON STOCK USD 0.0001,BYW36M8,SEDOL,United States,US,PYPL,
Balanced growth,Listed Equity,PDD HOLDINGS INC ADR USD 0.00002,BYVW0F7,SEDOL,United States,US,PDD,
Balanced growth,Listed Equity,PEGATRON CORP COMMON STOCK TWD 10,B4PLX17,SEDOL,Taiwan,TT (Taiwan Stock Exchange),4938,
Balanced growth,Listed Equity,PENTAIR PLC COMMON STOCK USD 0.01,BLS09M3,SEDOL,United States,US,PNR,
Balanced growth,Listed Equity,PEPPER MONEY LTD/AUSTRALIA COMMON STOCK AUD,BMBPP68,SEDOL,Australia,AU,PPM,
Balanced growth,Listed Equity,PEPSICO INC COMMON STOCK USD 0.017,2681511,SEDOL,United States,US,PEP,
Balanced growth,Listed Equity,PERENTI LTD COMMON STOCK AUD 0,BKRKNV4,SEDOL,Australia,AU,PRN,
Balanced growth,Listed Equity,PERNOD RICARD SA COMMON STOCK EUR 1.55,4682329,SEDOL,France,FP,RI,
Balanced growth,Listed Equity,PERSEUS MINING LTD COMMON STOCK AUD 0,B02FBC1,SEDOL,Australia,AU,PRU,
Balanced growth,Listed Equity,PETRONET LNG LTD COMMON STOCK INR 10,B00KT68,SEDOL,India,IN,PLNG,
Balanced growth,Listed Equity,PEXA GROUP LTD COMMON STOCK AUD,BMD0WJ3,SEDOL,Australia,AU,PXA,
Balanced growth,Listed Equity,PFIZER INC COMMON STOCK USD 0.05,2684703,SEDOL,United States,US,PFE,
Balanced growth,Listed Equity,PG&E CORP COMMON STOCK USD 0,2689560,SEDOL,United States,US,PCG,
Balanced growth,Listed Equity,PHILLIPS 66 COMMON STOCK USD,B78C4Y8,SEDOL,United States,US,PSX,
Balanced growth,Listed Equity,PICC PROPERTY & CASUALTY CO LTD COMMON STOCK HKD 1,6706250,SEDOL,Hong Kong,HK,2328,
Balanced growth,Listed Equity,PIDILITE INDUSTRIES LTD COMMON STOCK INR 1,B0JJV59,SEDOL,India,IN,PIDI,
Balanced growth,Listed Equity,PILBARA MINERALS LTD COMMON STOCK AUD 0,B2368L5,SEDOL,Australia,AU,PLS,
Balanced growth,Listed Equity,PING AN INSURANCE GROUP CO OF CHINA LTD COMMON,B01FLR7,SEDOL,Hong Kong,HK,2318,
Balanced growth,Listed Equity,PING AN INSURANCE GROUP CO OF CHINA LTD COMMON,BP3R284,SEDOL,China,C1,601318,
Balanced growth,Listed Equity,PINNACLE INVESTMENT MANAGEMENT GROUP LTD COMMON,BD0F7H1,SEDOL,Australia,AU,PNI,
Balanced growth,Listed Equity,PLATINUM ASSET MANAGEMENT LTD COMMON STOCK AUD 0,B1XK7G8,SEDOL,Australia,AU,PTM,
Balanced growth,Listed Equity,POINTSBET HOLDINGS LTD COMMON STOCK AUD,BJYJ845,SEDOL,Australia,AU,PBH,
Balanced growth,Listed Equity,POP MART INTERNATIONAL GROUP LTD COMMON STOCK HKD,BN6PP37,SEDOL,Hong Kong,HK,9992,
Balanced growth,Listed Equity,POU CHEN CORP COMMON STOCK TWD 10,6696157,SEDOL,Taiwan,TT (Taiwan Stock Exchange),9904,
Balanced growth,Listed Equity,POWER CORP OF CANADA COMMON STOCK CAD 0,2697701,SEDOL,Canada,CN,POW,
Balanced growth,Listed Equity,POWER FINANCE CORP LTD COMMON STOCK INR 10,B1S7225,SEDOL,India,IN,POWF,
Balanced growth,Listed Equity,POWER GRID CORP OF INDIA LTD COMMON STOCK INR 10,B233HS6,SEDOL,India,IN,PWGR,
Balanced growth,Listed Equity,PPG INDUSTRIES INC COMMON STOCK USD 1.66666,2698470,SEDOL,United States,US,PPG,
Balanced growth,Listed Equity,PRAEMIUM LTD COMMON STOCK AUD 0,B13YTQ4,SEDOL,Australia,AU,PPS,
Balanced growth,Listed Equity,PREMIER INVESTMENTS LTD COMMON STOCK AUD 0,6699781,SEDOL,Australia,AU,PMV,
Balanced growth,Listed Equity,PRINCIPAL FINANCIAL GROUP INC COMMON STOCK USD,2803014,SEDOL,United States,US,PFG,
Balanced growth,Listed Equity,PRO MEDICUS LTD COMMON STOCK AUD 0,6292782,SEDOL,Australia,AU,PME,
Balanced growth,Listed Equity,PROGRESSIVE CORP/THE COMMON STOCK USD 1,2705024,SEDOL,United States,US,PGR,
Balanced growth,Listed Equity,PROMOTORA Y OPERADORA DE INFRAESTRUCTURA SAB DE CV,2393388,SEDOL,Mexico,MM,PINFRA*,
Balanced growth,Listed Equity,PRUDENTIAL FINANCIAL INC COMMON STOCK USD 0.01,2819118,SEDOL,United States,US,PRU,
Balanced growth,Listed Equity,PUBLICIS GROUPE SA COMMON STOCK EUR 0.4,4380429,SEDOL,France,FP,PUB,
Balanced growth,Listed Equity,PULTEGROUP INC COMMON STOCK USD 0.01,2708841,SEDOL,United States,US,PHM,
Balanced growth,Listed Equity,QANTAS AIRWAYS LTD COMMON STOCK AUD 0,6710347,SEDOL,Australia,AU,QAN,
Balanced growth,Listed Equity,QATAR ISLAMIC BANK QPSC COMMON STOCK QAR 1,6713982,SEDOL,Qatar,QD,QIBK,
Balanced growth,Listed Equity,QATAR NATIONAL BANK QPSC COMMON STOCK QAR 1,6148197,SEDOL,Qatar,QD,QNBK,
Balanced growth,Listed Equity,QBE INSURANCE GROUP LTD COMMON STOCK AUD 0,6715740,SEDOL,Australia,AU,QBE,
Balanced growth,Listed Equity,QIFU TECHNOLOGY INC ADR USD 0.00001,BFMV9Y2,SEDOL,United States,US,QFIN,
Balanced growth,Listed Equity,QUALCOMM INC COMMON STOCK USD 0.0001,2714923,SEDOL,United States,US,QCOM,
Balanced growth,Listed Equity,QUBE HOLDINGS LTD COMMON STOCK AUD,B1L4BC6,SEDOL,Australia,AU,QUB,
Balanced growth,Listed Equity,QUEST DIAGNOSTICS INC COMMON STOCK USD 0.01,2702791,SEDOL,United States,US,DGX,
Balanced growth,Listed Equity,RAIA DROGASIL SA COMMON STOCK BRL 0,B7FQV64,SEDOL,Brazil,BZ,RADL3,
Balanced growth,Listed Equity,RAMELIUS RESOURCES LTD COMMON STOCK AUD 0,6586872,SEDOL,Australia,AU,RMS,
Balanced growth,Listed Equity,RAMSAY HEALTH CARE LTD COMMON STOCK AUD 0,6041995,SEDOL,Australia,AU,RHC,
Balanced growth,Listed Equity,REA GROUP LTD COMMON STOCK AUD 0,6198578,SEDOL,Australia,AU,REA,
Balanced growth,Listed Equity,REALTEK SEMICONDUCTOR CORP COMMON STOCK TWD 10,6051422,SEDOL,Taiwan,TT (Taiwan Stock Exchange),2379,
Balanced growth,Listed Equity,REC LTD COMMON STOCK INR 10,B2Q7WL3,SEDOL,India,IN,RECL,
Balanced growth,Listed Equity,RECRUIT HOLDINGS CO LTD COMMON STOCK JPY,BQRRZ00,SEDOL,Japan,JP,6098,
Balanced growth,Listed Equity,REDOX LTD/AUSTRALIA COMMON STOCK AUD,BQ81P89,SEDOL,Australia,AU,RDX,
Balanced growth,Listed Equity,REECE LTD COMMON STOCK AUD 0,6728801,SEDOL,Australia,AU,REH,
Balanced growth,Listed Equity,REGIS HEALTHCARE LTD COMMON STOCK AUD,BQV68F9,SEDOL,Australia,AU,REG,
Balanced growth,Listed Equity,REGIS RESOURCES LTD COMMON STOCK AUD 0,6476542,SEDOL,Australia,AU,RRL,
Balanced growth,Listed Equity,RELIANCE INDUSTRIES LTD COMMON STOCK INR 10,6099626,SEDOL,India,IN,RELIANCE,
Balanced growth,Listed Equity,RELIANCE WORLDWIDE CORP LTD COMMON STOCK AUD,BD1DM79,SEDOL,Australia,AU,RWC,
Balanced growth,Listed Equity,RESMED INC CDI AUD,3F0934S,SEDOL,,,,
Balanced growth,Listed Equity,RESOLUTE MINING LTD COMMON STOCK AUD 0,6410636,SEDOL,Australia,AU,RSG,
Balanced growth,Listed Equity,REXEL SA COMMON STOCK EUR 5,B1VP0K0,SEDOL,France,FP,RXL,
Balanced growth,Listed Equity,RIDLEY CORP LTD COMMON STOCK AUD 0,6738929,SEDOL,Australia,AU,RIC,
Balanced growth,Listed Equity,RIO TINTO LTD COMMON STOCK AUD 0,6220103,SEDOL,Australia,AU,RIO,
Balanced growth,Listed Equity,RIO TINTO PLC COMMON STOCK GBP 10,718875,SEDOL,United Kingdom,LN,RIO,
Balanced growth,Listed Equity,RIVIAN AUTOMOTIVE INC COMMON STOCK USD 0.001,BL98841,SEDOL,United States,US,RIVN,
Balanced growth,Listed Equity,ROBLOX CORP COMMON STOCK USD 0.0001,BMWBC20,SEDOL,United States,US,RBLX,
Balanced growth,Listed Equity,ROCHE HOLDING AG COMMON STOCK CHF 0,7110388,SEDOL,Switzerland,SW,ROG,
Balanced growth,Listed Equity,ROSS STORES INC COMMON STOCK USD 0.01,2746711,SEDOL,United States,US,ROST,
Balanced growth,Listed Equity,ROYAL BANK OF CANADA COMMON STOCK CAD 0,2754383,SEDOL,Canada,CN,RY,
Balanced growth,Listed Equity,RPM INTERNATIONAL INC COMMON STOCK USD 0.01,2756174,SEDOL,United States,US,RPM,
Balanced growth,Listed Equity,RTX CORP,BM5M5Y3,SEDOL,United States,US,RTX,
Balanced growth,Listed Equity,S&P GLOBAL INC COMMON STOCK USD 1,BYV2325,SEDOL,United States,US,SPGI,
Balanced growth,Listed Equity,SALESFORCE.COM INC.,2310525,SEDOL,United States,US,CRM,
Balanced growth,Listed Equity,SAMSARA INC COMMON STOCK USD 0.0001,BPK3058,SEDOL,United States,US,IOT,
Balanced growth,Listed Equity,SAMSUNG BIOLOGICS CO LTD COMMON STOCK KRW 2500,BYNJCV6,SEDOL,South Korea,KS,207940,
Balanced growth,Listed Equity,SAMSUNG ELECTRONICS CO LTD COMMON STOCK KRW 100,6771720,SEDOL,South Korea,KS,005930,
Balanced growth,Listed Equity,SAMSUNG FIRE & MARINE INSURANCE CO LTD COMMON,6155250,SEDOL,South Korea,KS,000810,
Balanced growth,Listed Equity,SAMSUNG SDI CO LTD COMMON STOCK KRW 5000,6771645,SEDOL,South Korea,KS,006400,
Balanced growth,Listed Equity,SANDFIRE RESOURCES LTD COMMON STOCK AUD 0,6739739,SEDOL,Australia,AU,SFR,
Balanced growth,Listed Equity,SANOFI SA COMMON STOCK EUR 2,5671735,SEDOL,France,FP,SAN,
Balanced growth,Listed Equity,SANTANDER BANK POLSKA SA COMMON STOCK PLN 10,7153639,SEDOL,Poland,PW,SPL,
Balanced growth,Listed Equity,SANTOS LTD COMMON STOCK AUD 0,4F4142S,SEDOL,,,,
Balanced growth,Listed Equity,SAP SE COMMON STOCK EUR 0,4846288,SEDOL,Germany,GR,SAP,
Balanced growth,Listed Equity,SAUDI AWWAL BANK COMMON STOCK SAR 10,B12LSY7,SEDOL,Saudi Arabia,AB,SABB,
Balanced growth,Listed Equity,SAUDI INVESTMENT BANK/THE COMMON STOCK SAR 10,B12M7M1,SEDOL,Saudi Arabia,AB,SIBC,
Balanced growth,Listed Equity,SAUDI TELECOM CO COMMON STOCK,B12M7Q5,SEDOL,Saudi Arabia,AB,STC,
Balanced growth,Listed Equity,SCB X PCL FOREIGN SH. THB 10,BPH0717,SEDOL,Thailand,TB,SCB/F,
Balanced growth,Listed Equity,SCHLUMBERGER NV COMMON STOCK USD 0.01,2779201,SEDOL,United States,US,SLB,
Balanced growth,Listed Equity,SCHNEIDER ELECTRIC SE COMMON STOCK EUR 4,4834108,SEDOL,France,FP,SU,
Balanced growth,Listed Equity,SEA LTD-ADR,BYWD7L4,SEDOL,United States,US,SE,
Balanced growth,Listed Equity,SEAGATE TECHNOLOGY HOLDINGS PLC COMMON STOCK USD,BKVD2N4,SEDOL,United States,US,STX,
Balanced growth,Listed Equity,SECURITAS AB COMMON STOCK SEK 1,5554041,SEDOL,Sweden,SS,SECUB,
Balanced growth,Listed Equity,SEEK LTD COMMON STOCK AUD 0,B0767Y3,SEDOL,Australia,AU,SEK,
Balanced growth,Listed Equity,SEI INVESTMENTS CO COMMON STOCK USD 0.01,2793610,SEDOL,United States,US,SEIC,
Balanced growth,Listed Equity,SELECT HARVESTS LTD COMMON STOCK AUD 0,6260723,SEDOL,Australia,AU,SHV,
Balanced growth,Listed Equity,SERVICE STREAM LTD COMMON STOCK AUD 0,B04KLG8,SEDOL,Australia,AU,SSM,
Balanced growth,Listed Equity,SERVICENOW INC COMMON STOCK USD 0.001,B80NXX8,SEDOL,United States,US,NOW,
Balanced growth,Listed Equity,SEVEN WEST MEDIA LTD COMMON STOCK AUD 0,6949431,SEDOL,Australia,AU,SWM,
Balanced growth,Listed Equity,SG FLEET GROUP LTD COMMON STOCK AUD 0,BKF0XR2,SEDOL,,,,
Balanced growth,Listed Equity,SGH LTD COMMON STOCK AUD 0,BR858V2,SEDOL,Australia,AU,SGH,
Balanced growth,Listed Equity,SHELL PLC,BP6MXD8,SEDOL,United Kingdom,LN,SHEL,
Balanced growth,Listed Equity,SHERWIN-WILLIAMS CO/THE COMMON STOCK USD 1,2804211,SEDOL,United States,US,SHW,
Balanced growth,Listed Equity,SHINHAN FINANCIAL GROUP CO LTD COMMON STOCK KRW,6397502,SEDOL,South Korea,KS,055550,
Balanced growth,Listed Equity,SHOPIFY INC COMMON STOCK CAD,BX865C7,SEDOL,Canada,CN,SHOP,
Balanced growth,Listed Equity,SHOPIFY INC COMMON STOCK CAD,BXDZ9Z0,SEDOL,United States,US,SHOP,
Balanced growth,Listed Equity,SIEMENS AG COMMON STOCK EUR 0,5727973,SEDOL,Germany,GR,SIE,
Balanced growth,Listed Equity,SIGMA HEALTHCARE LTD COMMON STOCK AUD 0,BF13K02,SEDOL,Australia,AU,SIG,
Balanced growth,Listed Equity,SINGAPORE TECHNOLOGIES ENGINEERING LTD COMMON,6043214,SEDOL,Singapore,SP,STE,
Balanced growth,Listed Equity,SINO BIOPHARMACEUTICAL LTD COMMON STOCK HKD 0.025,B00XSF9,SEDOL,Hong Kong,HK,1177,
Balanced growth,Listed Equity,SINOTRUK HONG KONG LTD COMMON STOCK HKD 0,B296ZH4,SEDOL,Hong Kong,HK,3808,
Balanced growth,Listed Equity,SK HYNIX INC COMMON STOCK KRW 5000,6450267,SEDOL,South Korea,KS,000660,
Balanced growth,Listed Equity,SK SQUARE CO LTD COMMON STOCK KRW 500,BMG3GS6,SEDOL,South Korea,KS,402340,
Balanced growth,Listed Equity,SK TELECOM CO LTD COMMON STOCK KRW 100,6224871,SEDOL,South Korea,KS,017670,
Balanced growth,Listed Equity,SKANSKA AB COMMON STOCK SEK 0,7142091,SEDOL,Sweden,SS,SKAB,
Balanced growth,Listed Equity,SKYCITY ENTERTAINMENT GROUP LTD COMMON STOCK NZD 0,4F4162S,SEDOL,,,,
Balanced growth,Listed Equity,SKYWORKS SOLUTIONS INC COMMON STOCK USD 0.25,2961053,SEDOL,United States,US,SWKS,
Balanced growth,Listed Equity,SMARTGROUP CORP LTD COMMON STOCK AUD,BNB5WS6,SEDOL,Australia,AU,SIQ,
Balanced growth,Listed Equity,SNAP-ON INC COMMON STOCK USD 1,2818740,SEDOL,United States,US,SNA,
Balanced growth,Listed Equity,SOFTBANK CORP COMMON STOCK JPY,BF5M0K5,SEDOL,Japan,JP,9434,
Balanced growth,Listed Equity,SOLVAR LTD COMMON STOCK AUD,BNSMR30,SEDOL,Australia,AU,SVR,
Balanced growth,Listed Equity,SONIC HEALTHCARE LTD COMMON STOCK AUD 0,6821120,SEDOL,Australia,AU,SHL,
Balanced growth,Listed Equity,SONOVA HOLDING AG COMMON STOCK CHF 0.05,7156036,SEDOL,Switzerland,SW,SOON,
Balanced growth,Listed Equity,SOUTH32 LTD COMMON STOCK AUD 0,6F3450S,SEDOL,,,,
Balanced growth,Listed Equity,SOUTHERN CROSS ELECTRICAL ENGINEERING LTD COMMON,B296336,SEDOL,Australia,AU,SXE,
Balanced growth,Listed Equity,SOUTHERN CROSS MEDIA GROUP LTD COMMON STOCK AUD 0,B5M7371,SEDOL,Australia,AU,SXL,
Balanced growth,Listed Equity,SPOTIFY TECHNOLOGY SA COMMON STOCK USD 0.000625,BFZ1K46,SEDOL,United States,US,SPOT,
Balanced growth,Listed Equity,SRG GLOBAL LTD COMMON STOCK AUD 0,BFMZB82,SEDOL,Australia,AU,SRG,
Balanced growth,Listed Equity,SS&C TECHNOLOGIES HOLDINGS INC COMMON STOCK USD,B58YSC6,SEDOL,United States,US,SSNC,
Balanced growth,Listed Equity,STANDARD BANK GROUP LTD COMMON STOCK ZAR 10,B030GJ7,SEDOL,South Africa,SJ,SBK,
Balanced growth,Listed Equity,STANMORE RESOURCES LTD COMMON STOCK AUD,B4KDPZ6,SEDOL,Australia,AU,SMR,
Balanced growth,Listed Equity,STAR ENTERTAINMENT GRP LTD/THE COMMON STOCK AUD,BD5ZR98,SEDOL,Australia,AU,SGR,
Balanced growth,Listed Equity,STATE BANK OF INDIA COMMON STOCK INR 1,BSQCB24,SEDOL,India,IN,SBIN,
Balanced growth,Listed Equity,STEADFAST GROUP LTD COMMON STOCK AUD 0,BCT5FD7,SEDOL,Australia,AU,SDF,
Balanced growth,Listed Equity,STRYKER CORP COMMON STOCK USD 0.1,2853688,SEDOL,United States,US,SYK,
Balanced growth,Listed Equity,SUBARU CORP COMMON STOCK JPY,6356406,SEDOL,Japan,JP,7270,
Balanced growth,Listed Equity,SUMITOMO ELECTRIC INDUSTRIES LTD COMMON STOCK JPY,6858708,SEDOL,Japan,JP,5802,
Balanced growth,Listed Equity,SUMITOMO MITSUI FINANCIAL GROUP INC COMMON STOCK,6563024,SEDOL,Japan,JP,8316,
Balanced growth,Listed Equity,SUN HUNG KAI PROPERTIES LTD COMMON STOCK HKD 0,6859927,SEDOL,Hong Kong,HK,16,
Balanced growth,Listed Equity,SUN PHARMACEUTICAL INDUSTRIES LTD COMMON STOCK INR,6582483,SEDOL,India,IN,SUNP,
Balanced growth,Listed Equity,SUNCOR ENERGY INC COMMON STOCK CAD 0,B3NB1P2,SEDOL,Canada,CN,SU,
Balanced growth,Listed Equity,SUNCORP GROUP LTD COMMON STOCK AUD 0,6585084,SEDOL,Australia,AU,SUN,
Balanced growth,Listed Equity,SUPERLOOP LTD COMMON STOCK AUD,BYPC6V1,SEDOL,Australia,AU,SLC,
Balanced growth,Listed Equity,SUPPLY NETWORK LTD COMMON STOCK AUD 0,6580993,SEDOL,Australia,AU,SNL,
Balanced growth,Listed Equity,SUZUKI MOTOR CORP COMMON STOCK JPY,6865504,SEDOL,Japan,JP,7269,
Balanced growth,Listed Equity,SWIRE PACIFIC LTD COMMON STOCK HKD 0,6867748,SEDOL,Hong Kong,HK,19,
Balanced growth,Listed Equity,SYMBOTIC INC COMMON STOCK USD 0.0001,BPG82M8,SEDOL,United States,US,SYM,
Balanced growth,Listed Equity,SYNOPSYS INC COMMON STOCK USD 0.01,2867719,SEDOL,United States,US,SNPS,
Balanced growth,Listed Equity,T ROWE PRICE GROUP INC COMMON STOCK USD 0.2,2702337,SEDOL,United States,US,TROW,
Balanced growth,Listed Equity,TABCORP HOLDINGS LTD COMMON STOCK AUD 0,6873262,SEDOL,Australia,AU,TAH,
Balanced growth,Listed Equity,TAG IMMOBILIEN AG COMMON STOCK EUR 0,5735631,SEDOL,Germany,GR,TEG,
Balanced growth,Listed Equity,TAIWAN SEMICONDUCTOR MANUFACTURING CO LTD ADR USD,2113382,SEDOL,United States,US,TSM,
Balanced growth,Listed Equity,TAIWAN SEMICONDUCTOR MANUFACTURING CO LTD COMMON,6889106,SEDOL,Taiwan,TT (Taiwan Stock Exchange),2330,
Balanced growth,Listed Equity,TARGA RESOURCES CORP COMMON STOCK USD 0.001,B55PZY3,SEDOL,United States,US,TRGP,
Balanced growth,Listed Equity,TATA CONSULTANCY SERVICES LTD COMMON STOCK INR 1,B01NPJ1,SEDOL,India,IN,TCS,
Balanced growth,Listed Equity,TE CONNECTIVITY PLC COMMON STOCK USD 0.01,BRC3N84,SEDOL,United States,US,TEL,
Balanced growth,Listed Equity,TECH MAHINDRA LTD COMMON STOCK INR 5,BWFGD63,SEDOL,India,IN,TECHM,
Balanced growth,Listed Equity,TECHNOLOGY ONE LTD COMMON STOCK AUD 0,6302410,SEDOL,Australia,AU,TNE,
Balanced growth,Listed Equity,TELE2 AB,B97C733,SEDOL,Sweden,SS,TEL2B,
Balanced growth,Listed Equity,TELEFLEX INC COMMON STOCK USD 1,2881407,SEDOL,United States,US,TFX,
Balanced growth,Listed Equity,TELEFONAKTIEBOLAGET LM ERICSSON COMMON STOCK SEK 5,5959378,SEDOL,Sweden,SS,ERICB,
Balanced growth,Listed Equity,TELEFONICA BRASIL SA COMMON STOCK BRL 0,B6XFBX3,SEDOL,Brazil,BZ,VIVT3,
Balanced growth,Listed Equity,TELIX PHARMACEUTICALS LTD,BF7M092,SEDOL,Australia,AU,TLX,
Balanced growth,Listed Equity,TELSTRA GROUP LTD COMMON STOCK AUD 0,6087289,SEDOL,Australia,AU,TLS,
Balanced growth,Listed Equity,TEMPLE & WEBSTER GROUP LTD COMMON STOCK AUD,BZ1MWM5,SEDOL,Australia,AU,TPW,
Balanced growth,Listed Equity,TENCENT HOLDINGS LTD COMMON STOCK HKD 0.00002,BMMV2K8,SEDOL,Hong Kong,HK,700,
Balanced growth,Listed Equity,TENCENT MUSIC ENTERTAINMENT GROUP ADR USD 0.000083,BFZYWR2,SEDOL,United States,US,TME,
Balanced growth,Listed Equity,TERADYNE INC COMMON STOCK USD 0.125,2884183,SEDOL,United States,US,TER,
Balanced growth,Listed Equity,TERRACOM LTD COMMON STOCK AUD 0,BYSXBF0,SEDOL,Australia,AU,TER,
Balanced growth,Listed Equity,TESCO PLC COMMON STOCK GBP 6.3333,BLGZ986,SEDOL,United Kingdom,LN,TSCO,
Balanced growth,Listed Equity,TESLA INC COMMON STOCK USD 0.001,B616C79,SEDOL,United States,US,TSLA,
Balanced growth,Listed Equity,TEVA PHARMACEUTICAL INDUSTRIES LTD ADR USD,2883878,SEDOL,United States,US,TEVA,
Balanced growth,Listed Equity,TEXAS INSTRUMENTS INC COMMON STOCK USD 1,2885409,SEDOL,United States,US,TXN,
Balanced growth,Listed Equity,TEXAS PACIFIC LAND CORP COMMON STOCK USD 0.01,BM99VY2,SEDOL,United States,US,TPL,
Balanced growth,Listed Equity,TEXTRON INC COMMON STOCK USD 0.125,2885937,SEDOL,United States,US,TXT,
Balanced growth,Listed Equity,TFI INTERNATIONAL INC COMMON STOCK CAD 0,BDRXBF4,SEDOL,Canada,CN,TFII,
Balanced growth,Listed Equity,THALES SA COMMON STOCK EUR 3,4162791,SEDOL,France,FP,HO,
Balanced growth,Listed Equity,THE PROCTER & GAMBLE COMPANY.,2704407,SEDOL,United States,US,PG,
Balanced growth,Listed Equity,THE WALT DISNEY COMPANY,2270726,SEDOL,United States,US,DIS,
Balanced growth,Listed Equity,THERMO FISHER SCIENTIFIC INC COMMON STOCK USD 1,2886907,SEDOL,United States,US,TMO,
Balanced growth,Listed Equity,TIM SA/BRAZIL COMMON STOCK BRL,BN71RB6,SEDOL,Brazil,BZ,TIMS3,
Balanced growth,Listed Equity,TITAN CO LTD COMMON STOCK INR 1,6139340,SEDOL,India,IN,TTAN,
Balanced growth,Listed Equity,TJX COS INC/THE COMMON STOCK USD 1,2989301,SEDOL,United States,US,TJX,
Balanced growth,Listed Equity,T-MOBILE US INC COMMON STOCK USD 0.0001,B94Q9V0,SEDOL,United States,US,TMUS,
Balanced growth,Listed Equity,TOKYO ELECTRON LTD COMMON STOCK JPY,6895675,SEDOL,Japan,JP,8035,
Balanced growth,Listed Equity,TOTALENERGIES SE COMMON STOCK EUR 2.5,B15C557,SEDOL,France,FP,TTE,
Balanced growth,Listed Equity,TOYOTA MOTOR CORP COMMON STOCK JPY,6900643,SEDOL,Japan,JP,7203,
Balanced growth,Listed Equity,TRADE DESK INC/THE COMMON STOCK USD 0.000001,BD8FDD1,SEDOL,United States,US,TTD,
Balanced growth,Listed Equity,TRANE TECHNOLOGIES PLC COMMON STOCK USD 1,BK9ZQ96,SEDOL,United States,US,TT,
Balanced growth,Listed Equity,TREASURY WINE ESTATES LTD COMMON STOCK AUD,B61JC67,SEDOL,Australia,AU,TWE,
Balanced growth,Listed Equity,TRIP.COM GROUP LTD ADR USD 0.01,BK1K3N2,SEDOL,United States,US,TCOM,
Balanced growth,Listed Equity,TRIP.COM GROUP LTD COMMON STOCK HKD 0.0005,BNYK8H9,SEDOL,Hong Kong,HK,9961,
Balanced growth,Listed Equity,TUAS LTD COMMON STOCK AUD,BM94P78,SEDOL,Australia,AU,TUA,
Balanced growth,Listed Equity,TURKCELL ILETISIM HIZMET AS,B03MYN3,SEDOL,Turkey,TI,TCELL,
Balanced growth,Listed Equity,TWILIO INC COMMON STOCK USD 0.001,BD6P5Q0,SEDOL,United States,US,TWLO,
Balanced growth,Listed Equity,TYRO PAYMENTS LTD COMMON STOCK AUD,BL0KWK0,SEDOL,Australia,AU,TYR,
Balanced growth,Listed Equity,UBER TECHNOLOGIES INC COMMON STOCK USD 0.00001,BK6N347,SEDOL,United States,US,UBER,
Balanced growth,Listed Equity,U-HAUL HOLDING CO COMMON STOCK USD 0.001,BP0VMC3,SEDOL,United States,US,UHAL/B,
Balanced growth,Listed Equity,ULTRAPAR PARTICIPACOES SA COMMON STOCK BRL 0,B0FHTN1,SEDOL,Brazil,BZ,UGPA3,
Balanced growth,Listed Equity,UNICREDIT SPA COMMON STOCK EUR 0,BYMXPS7,SEDOL,Italy,IM,UCG,
Balanced growth,Listed Equity,UNILEVER PLC COMMON STOCK GBP 0.031111,B10RZP7,SEDOL,United Kingdom,LN,ULVR,
Balanced growth,Listed Equity,UNI-PRESIDENT ENTERPRISES CORP COMMON STOCK TWD 10,6700393,SEDOL,Taiwan,TT (Taiwan Stock Exchange),1216,
Balanced growth,Listed Equity,UNITED AIRLINES HOLDINGS INC COMMON STOCK USD 0.01,B4QG225,SEDOL,United States,US,UAL,
Balanced growth,Listed Equity,UNITED OVERSEAS BANK LTD COMMON STOCK SGD 0,6916781,SEDOL,Singapore,SP,UOB,
Balanced growth,Listed Equity,UNITED RENTALS INC COMMON STOCK USD 0.01,2134781,SEDOL,United States,US,URI,
Balanced growth,Listed Equity,UNITED THERAPEUTICS CORP COMMON STOCK USD 0.01,2430412,SEDOL,United States,US,UTHR,
Balanced growth,Listed Equity,UNITED TRACTORS TBK PT COMMON STOCK IDR 250,6230845,SEDOL,Indonesia,IJ,UNTR,
Balanced growth,Listed Equity,UNITEDHEALTH GROUP INC COMMON STOCK USD 0.01,2917766,SEDOL,United States,US,UNH,
Balanced growth,Listed Equity,UNIVERSAL STORE HOLDINGS LTD COMMON STOCK AUD,BMCK9H1,SEDOL,Australia,AU,UNI,
Balanced growth,Listed Equity,UPL LTD COMMON STOCK INR 0.5,BRZX7N4,SEDOL,,,,
Balanced growth,Listed Equity,VALE SA COMMON STOCK BRL 0,2196286,SEDOL,Brazil,BZ,VALE3,
Balanced growth,Listed Equity,VANGUARD FTSE ALL-WORLD EX-US ETF ETP USD,B1TWZH5,SEDOL,United States,US,VEU,
Balanced growth,Listed Equity,VEEVA SYSTEMS INC COMMON STOCK USD 0.00001,BFH3N85,SEDOL,United States,US,VEEV,
Balanced growth,Listed Equity,VENTIA SERVICES GROUP PTY LTD COMMON STOCK AUD,BNV08F0,SEDOL,Australia,AU,VNT,
Balanced growth,Listed Equity,VERIZON COMMUNICATIONS INC COMMON STOCK USD 0.1,2090571,SEDOL,United States,US,VZ,
Balanced growth,Listed Equity,VERTIV HOLDINGS CO,BL3LWS8,SEDOL,United States,US,VRT,
Balanced growth,Listed Equity,VIATRIS INC COMMON STOCK USD,BMWS3X9,SEDOL,United States,US,VTRS,
Balanced growth,Listed Equity,VIBRA ENERGIA SA COMMON STOCK BRL,BPBLV81,SEDOL,Brazil,BZ,VBBR3,
Balanced growth,Listed Equity,VISA INC COMMON STOCK USD 0.0001,B2PZN04,SEDOL,United States,US,V,
Balanced growth,Listed Equity,VIVA ENERGY GROUP LTD COMMON STOCK AUD,BYQM3N1,SEDOL,Australia,AU,VEA,
Balanced growth,Listed Equity,VOLVO AB COMMON STOCK SEK 1.26,B1QH830,SEDOL,Sweden,SS,VOLVB,
Balanced growth,Listed Equity,VULCAN MATERIALS CO COMMON STOCK USD 1,2931205,SEDOL,United States,US,VMC,
Balanced growth,Listed Equity,VULCAN STEEL LTD COMMON STOCK AUD,0H2985S,SEDOL,,,,
Balanced growth,Listed Equity,WALMART INC COMMON STOCK USD 0.1,2936921,SEDOL,United States,US,WMT,
Balanced growth,Listed Equity,WARTSILA OYJ ABP COMMON STOCK EUR 0,4525189,SEDOL,Finland,FH,WRT1V,
Balanced growth,Listed Equity,WASHINGTON H SOUL PATTINSON & CO LTD COMMON STOCK,6821807,SEDOL,Australia,AU,SOL,
Balanced growth,Listed Equity,WEB TRAVEL GROUP LTD COMMON STOCK AUD 0,6015815,SEDOL,Australia,AU,WEB,
Balanced growth,Listed Equity,WEG SA COMMON STOCK BRL 0,2945422,SEDOL,Brazil,BZ,WEGE3,
Balanced growth,Listed Equity,WELLS FARGO & CO COMMON STOCK USD 1.666,2649100,SEDOL,United States,US,WFC,
Balanced growth,Listed Equity,WESFARMERS LTD COMMON STOCK AUD 0,6948836,SEDOL,Australia,AU,WES,
Balanced growth,Listed Equity,WEST AFRICAN RESOURCES LTD COMMON STOCK AUD 0,B4KBBN0,SEDOL,Australia,AU,WAF,
Balanced growth,Listed Equity,WESTGOLD RESOURCES LTD COMMON STOCK AUD 0,BYVQ673,SEDOL,Australia,AU,WGX,
Balanced growth,Listed Equity,WESTINGHOUSE AIR BRAKE TECHNOLOGIES CORP COMMON,2955733,SEDOL,United States,US,WAB,
Balanced growth,Listed Equity,WESTPAC BANKING CORP COMMON STOCK AUD 0,6076146,SEDOL,Australia,AU,WBC,
Balanced growth,Listed Equity,WH GROUP LTD COMMON STOCK HKD 0.0001,BLLHKZ1,SEDOL,Hong Kong,HK,288,
Balanced growth,Listed Equity,WHEATON PRECIOUS METALS CORP,BF13KN5,SEDOL,Canada,CN,WPM,
Balanced growth,Listed Equity,WHITEHAVEN COAL LTD COMMON STOCK AUD 0,B1XQXC4,SEDOL,Australia,AU,WHC,
Balanced growth,Listed Equity,WILLIAMS-SONOMA INC COMMON STOCK USD 0.01,2967589,SEDOL,United States,US,WSM,
Balanced growth,Listed Equity,WIPRO LTD COMMON STOCK INR 2,6206051,SEDOL,India,IN,WPRO,
Balanced growth,Listed Equity,WISETECH GLOBAL LTD COMMON STOCK AUD,BZ8GX83,SEDOL,Australia,AU,WTC,
Balanced growth,Listed Equity,WIX.COM LTD COMMON STOCK USD 0.01,BFZCHN7,SEDOL,United States,US,WIX,
Balanced growth,Listed Equity,WOLTERS KLUWER NV COMMON STOCK EUR 0.12,5671519,SEDOL,Netherlands,NA,WKL,
Balanced growth,Listed Equity,WOODSIDE ENERGY GROUP LTD COMMON STOCK AUD 0,1H8121S,SEDOL,,,,
Balanced growth,Listed Equity,WOOLWORTHS GROUP LTD COMMON STOCK AUD 0,6981239,SEDOL,Australia,AU,WOW,
Balanced growth,Listed Equity,WOORI FINANCIAL GROUP INC COMMON STOCK KRW 5000,BGHWH98,SEDOL,South Korea,KS,316140,
Balanced growth,Listed Equity,WORKDAY INC COMMON STOCK USD 0.001,B8K6ZD1,SEDOL,United States,US,WDAY,
Balanced growth,Listed Equity,WORLEY LTD COMMON STOCK AUD 0,6562474,SEDOL,Australia,AU,WOR,
Balanced growth,Listed Equity,WSP GLOBAL INC COMMON STOCK CAD 0,BHR3R21,SEDOL,Canada,CN,WSP,
Balanced growth,Listed Equity,WYNN RESORTS LTD COMMON STOCK USD 0.01,2963811,SEDOL,United States,US,WYNN,
Balanced growth,Listed Equity,XERO LTD COMMON STOCK AUD 0,B8P4LP4,SEDOL,Australia,AU,XRO,
Balanced growth,Listed Equity,XIAOMI CORP COMMON STOCK HKD 0.0000025,BG0ZMJ9,SEDOL,Hong Kong,HK,1810,
Balanced growth,Listed Equity,XP INC COMMON STOCK USD,BK4Y052,SEDOL,United States,US,XP,
Balanced growth,Listed Equity,YOKOGAWA ELECTRIC CORP COMMON STOCK,6986427,SEDOL,Japan,JP,6841,
Balanced growth,Listed Equity,YUANTA FINANCIAL HOLDING CO LTD COMMON STOCK TWD,6424110,SEDOL,Taiwan,TT (Taiwan Stock Exchange),2885,
Balanced growth,Listed Equity,YUNNAN ALUMINIUM CO LTD COMMON STOCK CNY 1,BD5CB75,SEDOL,China,C2,000807,
Balanced growth,Listed Equity,ZEBRA TECHNOLOGIES CORP COMMON STOCK USD 0.01,2989356,SEDOL,United States,US,ZBRA,
Balanced growth,Listed Equity,ZIJIN MINING GROUP CO LTD COMMON STOCK HKD 0.1,6725299,SEDOL,Hong Kong,HK,2899,
Balanced growth,Listed Equity,ZIP CO LTD COMMON STOCK AUD,BPP1Y77,SEDOL,Australia,AU,ZIP,
Balanced growth,Listed Equity,ZOOM COMMUNICATIONS INC COMMON STOCK USD 0.001,BGSP7M9,SEDOL,United States,US,ZM,
Balanced growth,Listed Equity,ZURICH INSURANCE GROUP AG COMMON STOCK CHF 0.1,5983816,SEDOL,Switzerland,SW,ZURN,
Balanced growth,Listed Equity,ZYDUS LIFESCIENCES LTD COMMON STOCK INR 1,BYM8TG8,SEDOL,India,IN,ZYDUSLIF,
Balanced growth,Listed Property,ABACUS STORAGE KING REIT AUD,BQYLGZ7,SEDOL,Australia,AU,ASK,
Balanced growth,Listed Property,AGREE REALTY CORP REIT USD 0.0001,2062161,SEDOL,United States,US,ADC,
Balanced growth,Listed Property,APN CONVENIENCE RETAIL REIT,BPG8J16,SEDOL,Australia,AU,DXC,
Balanced growth,Listed Property,ARENA REIT REIT AUD 0,B99K263,SEDOL,Australia,AU,ARF,
Balanced growth,Listed Property,AVALONBAY COMMUNITIES INC REIT USD 0.01,2131179,SEDOL,United States,US,AVB,
Balanced growth,Listed Property,BIG YELLOW GROUP PLC REIT GBP 10,286941,SEDOL,United Kingdom,LN,BYG,
Balanced growth,Listed Property,BRITISH LAND CO PLC/THE REIT GBP 25,136701,SEDOL,United Kingdom,LN,BLND,
Balanced growth,Listed Property,BWP TRUST REIT AUD 0,6127453,SEDOL,Australia,AU,BWP,
Balanced growth,Listed Property,BXP INC REIT USD 0.01,2019479,SEDOL,United States,US,BXP,
Balanced growth,Listed Property,CANADIAN APARTMENT PROPERTIES REIT REIT CAD 0,2117599,SEDOL,Canada,CN,CAR-U,
Balanced growth,Listed Property,CENTURIA CAPITAL GROUP STAPLED SECURITY AUD 0,6518745,SEDOL,Australia,AU,CNI,
Balanced growth,Listed Property,CENTURIA INDUSTRIAL REIT REIT AUD 0,BD31FD8,SEDOL,Australia,AU,CIP,
Balanced growth,Listed Property,CENTURIA OFFICE REIT REIT AUD 0,BKTW448,SEDOL,Australia,AU,COF,
Balanced growth,Listed Property,CHARTER HALL GROUP REIT AUD 0,B15F6S6,SEDOL,Australia,AU,CHC,
Balanced growth,Listed Property,CHARTER HALL LONG WALE REIT REIT AUD,BDB46J2,SEDOL,Australia,AU,CLW,
Balanced growth,Listed Property,CHARTER HALL RETAIL REIT REIT AUD 0,6225595,SEDOL,Australia,AU,CQR,
Balanced growth,Listed Property,CHARTER HALL SOCIAL INFRASTRUCTURE REIT REIT AUD 0,BHJVMY0,SEDOL,Australia,AU,CQE,
Balanced growth,Listed Property,COUSINS PROPERTIES INC REIT USD 1,BJP0MF6,SEDOL,United States,US,CUZ,
Balanced growth,Listed Property,COVIVIO SA/FRANCE REIT EUR 3,7745638,SEDOL,France,FP,COV,
Balanced growth,Listed Property,CROMWELL PROPERTY GROUP REIT AUD 0,6225476,SEDOL,Australia,AU,CMW,
Balanced growth,Listed Property,CROWN CASTLE INTERNATIONAL CORP,BTGQCX1,SEDOL,United States,US,CCI,
Balanced growth,Listed Property,CUBESMART REIT USD 0.01,B6SW913,SEDOL,United States,US,CUBE,
Balanced growth,Listed Property,DERWENT LONDON PLC REIT GBP 5,265274,SEDOL,United Kingdom,LN,DLN,
Balanced growth,Listed Property,DEXUS INDUSTRIA REIT REIT AUD 0,BP2RQ94,SEDOL,Australia,AU,DXI,
Balanced growth,Listed Property,DEXUS REIT AUD 0,B033YN6,SEDOL,Australia,AU,DXS,
Balanced growth,Listed Property,DIGITAL REALTY TRUST INC REIT USD 0.01,B03GQS4,SEDOL,United States,US,DLR,
Balanced growth,Listed Property,EQUINIX INC REIT USD 0.001,BVLZX12,SEDOL,United States,US,EQIX,
Balanced growth,Listed Property,EQUITY LIFESTYLE PROPERTIES INC REIT USD 0.01,2563125,SEDOL,United States,US,ELS,
Balanced growth,Listed Property,EQUITY RESIDENTIAL REIT USD 0.01,2319157,SEDOL,United States,US,EQR,
Balanced growth,Listed Property,ESSENTIAL PROPERTIES REALTY TRUST INC REIT USD,BFFK0X2,SEDOL,United States,US,EPRT,
Balanced growth,Listed Property,ESSEX PROPERTY TRUST INC REIT USD 0.0001,2316619,SEDOL,United States,US,ESS,
Balanced growth,Listed Property,EXTRA SPACE STORAGE INC REIT USD 0.01,B02HWR9,SEDOL,United States,US,EXR,
Balanced growth,Listed Property,FEDERAL REALTY INVS TRUST,BN7P9B2,SEDOL,United States,US,FRT,
Balanced growth,Listed Property,FIBRA UNO ADMINISTRACION SA DE CV REIT MXN 0,B671GT8,SEDOL,Mexico,MM,FUNO11,
Balanced growth,Listed Property,GDI PROPERTY GROUP PARTNERSHIP REIT AUD 0,BHB0NV9,SEDOL,Australia,AU,GDI,
Balanced growth,Listed Property,GOODMAN GROUP REIT AUD 0,B03FYZ4,SEDOL,Australia,AU,GMG,
Balanced growth,Listed Property,GPT GROUP/THE REIT AUD 0,6365866,SEDOL,Australia,AU,GPT,
Balanced growth,Listed Property,GROWTHPOINT PROPERTIES AUSTRALIA LTD REIT AUD 0,B1Y9BC8,SEDOL,Australia,AU,GOZ,
Balanced growth,Listed Property,HEALTHPEAK PROPERTIES INC REIT USD 1,BJBLRK3,SEDOL,United States,US,DOC,
Balanced growth,Listed Property,HOMECO DAILY NEEDS REIT REIT AUD,BNC0NF4,SEDOL,Australia,AU,HDN,
Balanced growth,Listed Property,HOST HOTELS & RESORTS INC REIT USD 0.01,2567503,SEDOL,United States,US,HST,
Balanced growth,Listed Property,HOTEL PROPERTY INVESTMENTS LTD REIT AUD 0,BGSHGN9,SEDOL,,,,
Balanced growth,Listed Property,INGENIA COMMUNITIES GROUP REIT AUD 0,B84GSC7,SEDOL,Australia,AU,INA,
Balanced growth,Listed Property,INVITATION HOMES INC REIT USD 0.01,BD81GW9,SEDOL,United States,US,INVH,
Balanced growth,Listed Property,IRON MOUNTAIN INC REIT USD 0.01,BVFTF03,SEDOL,United States,US,IRM,
Balanced growth,Listed Property,KILROY REALTY CORP REIT USD 0.01,2495529,SEDOL,United States,US,KRC,
Balanced growth,Listed Property,KIMCO REALTY CORP REIT USD 0.01,2491594,SEDOL,United States,US,KIM,
Balanced growth,Listed Property,KLEPIERRE SA REIT EUR 1.4,7582556,SEDOL,France,FP,LI,
Balanced growth,Listed Property,LAND SECURITIES GROUP PLC REIT GBP 10.6667,BYW0PQ6,SEDOL,United Kingdom,LN,LAND,
Balanced growth,Listed Property,LENDLEASE CORP LTD STAPLED SECURITY AUD 0,6512004,SEDOL,Australia,AU,LLC,
Balanced growth,Listed Property,MIRVAC GROUP REIT AUD 0,6161978,SEDOL,Australia,AU,MGR,
Balanced growth,Listed Property,NATIONAL STORAGE REIT REIT AUD 0,BGP6479,SEDOL,Australia,AU,NSR,
Balanced growth,Listed Property,PROLOGIS INC REIT USD 0.01,B44WZD7,SEDOL,United States,US,PLD,
Balanced growth,Listed Property,RAM ESSENTIAL SERVICES PROPERTY FUND REIT AUD,BMCFQX1,SEDOL,Australia,AU,REP,
Balanced growth,Listed Property,REGION RE LTD REIT AUD,BPBMY63,SEDOL,Australia,AU,RGN,
Balanced growth,Listed Property,REXFORD INDUSTRIAL REALTY INC REIT USD 0.01,BC9ZHL9,SEDOL,United States,US,REXR,
Balanced growth,Listed Property,SAFESTORE HOLDINGS PLC REIT GBP 1,B1N7Z09,SEDOL,United Kingdom,LN,SAFE,
Balanced growth,Listed Property,SCENTRE GROUP REIT AUD 0,BLZH0Z7,SEDOL,Australia,AU,SCG,
Balanced growth,Listed Property,SHAFTESBURY CAPITAL PLC REIT GBP 25,B62G9D3,SEDOL,United Kingdom,LN,SHC,
Balanced growth,Listed Property,SHURGARD SELF STORAGE LTD REIT EUR,BQZCBZ4,SEDOL,Belgium,BB,SHUR,
Balanced growth,Listed Property,SIMON PROPERTY GROUP INC REIT USD 0.0001,2812452,SEDOL,United States,US,SPG,
Balanced growth,Listed Property,SIRIUS REAL ESTATE LTD REIT GBP 0,B1W3VF5,SEDOL,United Kingdom,LN,SRE,
Balanced growth,Listed Property,STOCKLAND REIT AUD 0,6850856,SEDOL,Australia,AU,SGP,
Balanced growth,Listed Property,SUN COMMUNITIES INC REIT USD 0.01,2860257,SEDOL,United States,US,SUI,
Balanced growth,Listed Property,TERRENO REALTY CORP REIT USD 0.01,B3N4753,SEDOL,United States,US,TRNO,
Balanced growth,Listed Property,UNIBAIL-RODAMCO-WESTFIELD REIT EUR 5,BF2PQ09,SEDOL,France,FP,URW,
Balanced growth,Listed Property,UNITE GROUP PLC/THE REIT GBP 25,692861,SEDOL,United Kingdom,LN,UTG,
Balanced growth,Listed Property,URBAN EDGE PROPERTIES REIT USD 0.01,BTPSGQ9,SEDOL,United States,US,UE,
Balanced growth,Listed Property,VENTAS INC REIT USD 0.25,2927925,SEDOL,United States,US,VTR,
Balanced growth,Listed Property,VICINITY LTD REIT AUD 0,BY7QXS7,SEDOL,Australia,AU,VCX,
Balanced growth,Listed Property,WAREHOUSES DE PAUW CVA REIT EUR 0,BK8VQD9,SEDOL,Belgium,BB,WDP,
Balanced growth,Listed Property,WAYPOINT REIT LTD REIT AUD,BLBQ285,SEDOL,Australia,AU,WPR,
Balanced growth,Listed Property,WELLTOWER INC,BYVYHH4,SEDOL,United States,US,WELL,
Balanced growth,Listed Infrastructure,APA GROUP STAPLED SECURITY AUD 0,6247306,SEDOL,Australia,AU,APA,
Balanced growth,Listed Infrastructure,ATLAS ARTERIA LTD STAPLED SECURITY AUD,BZ03TZ1,SEDOL,Australia,AU,ALX,
Balanced growth,Listed Infrastructure,DALRYMPLE BAY INFRASTRUCTURE LTD STAPLED SECURITY,BNM6Z56,SEDOL,Australia,AU,DBI,
Balanced growth,Listed Infrastructure,TRANSURBAN GROUP STAPLED SECURITY AUD 0,6200882,SEDOL,Australia,AU,TCL,
